,vid_id,action,act_idx,time_step,duration
0,GS_S1D2_m5.avi,Sitdown,1,0,3
1,GS_S1D2_m5.avi,Getup,1,3,3
2,GS_S1D2_m5.avi,Sitdown,2,6,4
3,GS_S1D2_m5.avi,Getup,2,10,4
4,GS_S1D2_m5.avi,Sitdown,3,14,4
5,GS_S1D2_m5.avi,Getup,3,18,4
6,GS_S1D2_m5.avi,Sitdown,4,22,3
7,GS_S1D2_m5.avi,Getup,4,25,4
8,GS_S1D2_m5.avi,Sitdown,5,29,4
9,GS_S1D2_m5.avi,Getup,5,33,4
10,GS_S1D2_m5.avi,Sitdown,6,37,3
11,GS_S1D2_m5.avi,Getup,6,40,4
12,GS_S1D2_m5.avi,Sitdown,7,44,5
13,GS_S1D2_m5.avi,Getup,7,49,4
14,GS_S1D2_m5.avi,Sitdown,8,54,2
15,GS_S1D2_m5.avi,Getup,8,57,3
16,GS_S1D2_m5.avi,Sitdown,9,53,1
17,GS_S1D2_m5.avi,Getup,9,56,1
18,GS_S1D2_m5.avi,Sitdown,10,60,4
19,GS_S1D2_m5.avi,Getup,10,64,3
20,GS_S1D2_m5.avi,Sitdown,11,67,3
21,GS_S1D2_m5.avi,Getup,11,70,3
22,GS_S1K2_m5.avi,Sitdown,1,0,1
23,GS_S1K2_m5.avi,Getup,1,1,3
24,GS_S1K2_m5.avi,Sitdown,2,4,5
25,GS_S1K2_m5.avi,Getup,2,9,3
26,GS_S1K2_m5.avi,Sitdown,3,12,4
27,GS_S1K2_m5.avi,Getup,3,16,2
28,GS_S1K2_m5.avi,Sitdown,4,18,3
29,GS_S1K2_m5.avi,Getup,4,21,3
30,GS_S1K2_m5.avi,Sitdown,5,24,3
31,GS_S1K2_m5.avi,Getup,5,27,2
32,GS_S1K2_m5.avi,Sitdown,6,29,3
33,GS_S1K2_m5.avi,Getup,6,32,3
34,GS_S1K2_m5.avi,Sitdown,7,35,3
35,GS_S1K2_m5.avi,Getup,7,38,2
36,GS_S1K2_m5.avi,Sitdown,8,40,2
37,GS_S1K2_m5.avi,Getup,8,42,3
38,GS_S1K2_m5.avi,Sitdown,9,45,4
39,GS_S1K2_m5.avi,Getup,9,49,2
40,GS_S1K2_m5.avi,Sitdown,10,51,3
41,GS_S1K2_m5.avi,Getup,10,54,3
42,GS_S1K2_m5.avi,Sitdown,11,57,2
43,GS_S1K2_m5.avi,Getup,11,59,1
44,GS_S2D1_m5.avi,Sitdown,1,0,3
45,GS_S2D1_m5.avi,Getup,1,3,3
46,GS_S2D1_m5.avi,Sitdown,2,6,3
47,GS_S2D1_m5.avi,Getup,2,9,3
48,GS_S2D1_m5.avi,Sitdown,3,12,3
49,GS_S2D1_m5.avi,Getup,3,15,5
50,GS_S2D1_m5.avi,Sitdown,4,20,4
51,GS_S2D1_m5.avi,Getup,4,24,3
52,GS_S2D1_m5.avi,Sitdown,5,27,3
53,GS_S2D1_m5.avi,Getup,5,30,4
54,GS_S2D1_m5.avi,Sitdown,6,34,4
55,GS_S2D1_m5.avi,Getup,6,38,5
56,GS_S2D1_m5.avi,Sitdown,7,43,5
57,GS_S2D1_m5.avi,Getup,7,48,3
58,GS_S2D1_m5.avi,Sitdown,8,51,5
59,GS_S2D1_m5.avi,Getup,8,56,6
60,GS_S2D1_m5.avi,Sitdown,9,62,4
61,GS_S2D1_m5.avi,Getup,9,66,4
62,GS_S2D1_m5.avi,Sitdown,10,70,3
63,GS_S2D1_m5.avi,Getup,10,73,4
64,GS_S2D1_m5.avi,Sitdown,11,77,4
65,GS_S2D1_m5.avi,Getup,11,81,3
66,GS_S2D1_m5.avi,Sitdown,12,84,3
67,GS_S2D1_m5.avi,Getup,12,87,2
68,GS_S2L2_m5.avi,Sitdown,1,0,2
69,GS_S2L2_m5.avi,Getup,1,2,1
70,GS_S2L2_m5.avi,Sitdown,2,3,2
71,GS_S2L2_m5.avi,Getup,2,5,1
72,GS_S2L2_m5.avi,Sitdown,3,6,2
73,GS_S2L2_m5.avi,Getup,3,8,2
74,GS_S2L2_m5.avi,Sitdown,4,10,2
75,GS_S2L2_m5.avi,Getup,4,12,1
76,GS_S2L2_m5.avi,Sitdown,5,13,2
77,GS_S2L2_m5.avi,Getup,5,15,2
78,GS_S2L2_m5.avi,Sitdown,6,17,1
79,GS_S2L2_m5.avi,Getup,6,18,4
80,GS_S2L2_m5.avi,Sitdown,7,22,2
81,GS_S2L2_m5.avi,Getup,7,24,2
82,GS_S2L2_m5.avi,Sitdown,8,26,1
83,GS_S2L2_m5.avi,Getup,8,27,2
84,GS_S2L2_m5.avi,Sitdown,9,29,2
85,GS_S2L2_m5.avi,Getup,9,31,2
86,GS_S2L2_m5.avi,Sitdown,10,33,2
87,GS_S2L2_m5.avi,Getup,10,35,5
88,GS_S2L2_m5.avi,Sitdown,11,40,5
89,GS_S2L2_m5.avi,Getup,11,45,2
90,GS_S2L2_m5.avi,Sitdown,12,47,1
91,GS_S2L2_m5.avi,Getup,12,48,2
92,GS_S2L2_m5.avi,Sitdown,13,50,1
93,GS_S2L2_m5.avi,Getup,13,51,3
94,GS_S2L2_m5.avi,Sitdown,14,54,1
95,GS_S2L2_m5.avi,Getup,14,55,2
96,GS_S2L2_m5.avi,Sitdown,15,57,1
97,GS_S2L2_m5.avi,Getup,15,58,2
98,GS_S2L2_m5.avi,Sitdown,16,60,2
99,GS_S2L2_m5.avi,Getup,16,62,1
100,GS_S2L2_m5.avi,Sitdown,17,63,2
101,GS_S2L2_m5.avi,Getup,17,65,1
102,GS_S3D2_m5.avi,Sitdown,1,0,3
103,GS_S3D2_m5.avi,Getup,1,3,2
104,GS_S3D2_m5.avi,Sitdown,2,5,4
105,GS_S3D2_m5.avi,Getup,2,9,3
106,GS_S3D2_m5.avi,Sitdown,3,12,3
107,GS_S3D2_m5.avi,Getup,3,15,4
108,GS_S3D2_m5.avi,Sitdown,4,19,3
109,GS_S3D2_m5.avi,Getup,4,22,3
110,GS_S3D2_m5.avi,Sitdown,5,25,4
111,GS_S3D2_m5.avi,Getup,5,29,3
112,GS_S3D2_m5.avi,Sitdown,6,32,4
113,GS_S3D2_m5.avi,Getup,6,36,6
114,GS_S3D2_m5.avi,Sitdown,7,42,5
115,GS_S3D2_m5.avi,Getup,7,47,5
116,GS_S3D2_m5.avi,Sitdown,8,52,3
117,GS_S3D2_m5.avi,Getup,8,55,3
118,GS_S3D2_m5.avi,Sitdown,9,58,3
119,GS_S3D2_m5.avi,Getup,9,61,4
120,GS_S3D2_m5.avi,Sitdown,10,65,4
121,GS_S3D2_m5.avi,Getup,10,69,3
122,GS_S3D2_m5.avi,Sitdown,11,72,4
123,GS_S3D2_m5.avi,Getup,11,76,3
124,GS_S3D2_m5.avi,Sitdown,12,79,3
125,GS_S3D2_m5.avi,Getup,12,82,4
126,GS_S3D2_m5.avi,Sitdown,13,86,4
127,GS_S3D2_m5.avi,Getup,13,90,3
128,GS_S3D2_m5.avi,Sitdown,14,93,3
129,GS_S3D2_m5.avi,Getup,14,96,3
130,GS_S3D2_m5.avi,Sitdown,15,99,4
131,GS_S3D2_m5.avi,Getup,15,103,2
132,GS_S3L1_m5.avi,Sitdown,1,0,2
133,GS_S3L1_m5.avi,Getup,1,2,2
134,GS_S3L1_m5.avi,Sitdown,2,4,3
135,GS_S3L1_m5.avi,Getup,2,7,2
136,GS_S3L1_m5.avi,Sitdown,3,9,2
137,GS_S3L1_m5.avi,Getup,3,11,3
138,GS_S3L1_m5.avi,Sitdown,4,14,4
139,GS_S3L1_m5.avi,Getup,4,18,2
140,GS_S3L1_m5.avi,Sitdown,5,20,2
141,GS_S3L1_m5.avi,Getup,5,22,2
142,GS_S3L1_m5.avi,Sitdown,6,24,2
143,GS_S3L1_m5.avi,Getup,6,26,2
144,GS_S3L1_m5.avi,Sitdown,7,28,4
145,GS_S3L1_m5.avi,Getup,7,32,2
146,GS_S3L1_m5.avi,Sitdown,8,34,1
147,GS_S3L1_m5.avi,Getup,8,35,3
148,GS_S3L1_m5.avi,Sitdown,9,38,2
149,GS_S3L1_m5.avi,Getup,9,40,3
150,GS_S3L1_m5.avi,Sitdown,10,43,2
151,GS_S3L1_m5.avi,Getup,10,45,3
152,GS_S3L1_m5.avi,Sitdown,11,48,2
153,GS_S3L1_m5.avi,Getup,11,50,2
154,GS_S3L1_m5.avi,Sitdown,12,52,1
155,GS_S3L1_m5.avi,Getup,12,53,2
156,GS_S3L1_m5.avi,Sitdown,13,55,2
157,GS_S3L1_m5.avi,Getup,13,57,3
158,GS_S3L1_m5.avi,Sitdown,14,60,2
159,GS_S3L1_m5.avi,Getup,14,62,2
160,GS_S3L1_m5.avi,Sitdown,15,64,2
161,GS_S3L1_m5.avi,Getup,15,66,2
162,GS_S3L1_m5.avi,Sitdown,16,68,3
163,GS_S3L1_m5.avi,Getup,16,71,3
164,GS_S4K1_m5.avi,Sitdown,1,0,3
165,GS_S4K1_m5.avi,Getup,1,3,2
166,GS_S4K1_m5.avi,Sitdown,2,5,3
167,GS_S4K1_m5.avi,Getup,2,8,5
168,GS_S4K1_m5.avi,Sitdown,3,13,4
169,GS_S4K1_m5.avi,Getup,3,17,4
170,GS_S4K1_m5.avi,Sitdown,4,21,4
171,GS_S4K1_m5.avi,Getup,4,25,3
172,GS_S4K1_m5.avi,Sitdown,5,28,3
173,GS_S4K1_m5.avi,Getup,5,31,3
174,GS_S4K1_m5.avi,Sitdown,6,34,3
175,GS_S4K1_m5.avi,Getup,6,37,3
176,GS_S4K1_m5.avi,Sitdown,7,40,4
177,GS_S4K1_m5.avi,Getup,7,44,2
178,GS_S4K1_m5.avi,Sitdown,8,46,3
179,GS_S4K1_m5.avi,Getup,8,49,3
180,GS_S4K1_m5.avi,Sitdown,9,52,2
181,GS_S4K1_m5.avi,Getup,9,54,4
182,GS_S4K1_m5.avi,Sitdown,10,58,3
183,GS_S4K1_m5.avi,Getup,10,61,2
184,GS_S4K1_m5.avi,Sitdown,11,63,3
185,GS_S4K1_m5.avi,Getup,11,66,3
186,GS_S4K1_m5.avi,Sitdown,12,69,3
187,GS_S4K1_m5.avi,Getup,12,72,4
188,GS_S4K1_m5.avi,Sitdown,13,76,2
189,GS_S4K1_m5.avi,Getup,13,78,2
190,GS_S4K1_m5.avi,Sitdown,14,80,3
191,GS_S4K1_m5.avi,Getup,14,83,3
192,GS_S4K1_m5.avi,Sitdown,15,86,3
193,GS_S4K1_m5.avi,Getup,15,89,2
194,GS_S4K2_m5.avi,Sitdown,1,0,2
195,GS_S4K2_m5.avi,Getup,1,2,2
196,GS_S4K2_m5.avi,Sitdown,2,4,2
197,GS_S4K2_m5.avi,Getup,2,6,3
198,GS_S4K2_m5.avi,Sitdown,3,9,3
199,GS_S4K2_m5.avi,Getup,3,12,3
200,GS_S4K2_m5.avi,Sitdown,4,15,4
201,GS_S4K2_m5.avi,Getup,4,19,2
202,GS_S4K2_m5.avi,Sitdown,5,21,4
203,GS_S4K2_m5.avi,Getup,5,25,3
204,GS_S4K2_m5.avi,Sitdown,6,28,4
205,GS_S4K2_m5.avi,Getup,6,32,4
206,GS_S4K2_m5.avi,Sitdown,7,36,5
207,GS_S4K2_m5.avi,Getup,7,41,3
208,GS_S4K2_m5.avi,Sitdown,8,44,4
209,GS_S4K2_m5.avi,Getup,8,48,3
210,GS_S4K2_m5.avi,Sitdown,9,51,3
211,GS_S4K2_m5.avi,Getup,9,54,4
212,GS_S4K2_m5.avi,Sitdown,10,58,6
213,GS_S4K2_m5.avi,Getup,10,64,2
214,GS_S4K2_m5.avi,Sitdown,11,66,4
215,GS_S4K2_m5.avi,Getup,11,70,3
216,GS_S4K2_m5.avi,Sitdown,12,73,3
217,GS_S4K2_m5.avi,Getup,12,76,3
218,GS_S4K2_m5.avi,Sitdown,13,79,3
219,GS_S4K2_m5.avi,Getup,13,82,3
220,GS_S4K2_m5.avi,Sitdown,14,85,3
221,GS_S4K2_m5.avi,Getup,14,88,2
222,GS_S5K2_m5.avi,Sitdown,1,0,2
223,GS_S5K2_m5.avi,Getup,1,2,2
224,GS_S5K2_m5.avi,Sitdown,2,4,3
225,GS_S5K2_m5.avi,Getup,2,7,3
226,GS_S5K2_m5.avi,Sitdown,3,10,3
227,GS_S5K2_m5.avi,Getup,3,13,3
228,GS_S5K2_m5.avi,Sitdown,4,16,3
229,GS_S5K2_m5.avi,Getup,4,19,3
230,GS_S5K2_m5.avi,Sitdown,5,22,3
231,GS_S5K2_m5.avi,Getup,5,25,2
232,GS_S5K2_m5.avi,Sitdown,6,27,3
233,GS_S5K2_m5.avi,Getup,6,30,4
234,GS_S5K2_m5.avi,Sitdown,7,34,3
235,GS_S5K2_m5.avi,Getup,7,37,3
236,GS_S5K2_m5.avi,Sitdown,8,40,3
237,GS_S5K2_m5.avi,Getup,8,43,4
238,GS_S5K2_m5.avi,Sitdown,9,47,3
239,GS_S5K2_m5.avi,Getup,9,50,3
240,GS_S5K2_m5.avi,Sitdown,10,53,4
241,GS_S5K2_m5.avi,Getup,10,57,3
242,GS_S5K2_m5.avi,Sitdown,11,60,4
243,GS_S5K2_m5.avi,Getup,11,64,3
244,GS_S5K2_m5.avi,Sitdown,12,67,4
245,GS_S5K2_m5.avi,Getup,12,71,3
246,GS_S5K2_m5.avi,Sitdown,13,74,3
247,GS_S5K2_m5.avi,Getup,13,77,3
248,GS_S5K2_m5.avi,Sitdown,14,80,3
249,GS_S5K2_m5.avi,Getup,14,83,3
250,GS_S5K2_m5.avi,Sitdown,15,86,3
251,GS_S5K2_m5.avi,Getup,15,89,2
252,GS_S5L1_m5.avi,Sitdown,1,0,2
253,GS_S5L1_m5.avi,Getup,1,2,1
254,GS_S5L1_m5.avi,Sitdown,2,3,1
255,GS_S5L1_m5.avi,Getup,2,4,2
256,GS_S5L1_m5.avi,Sitdown,3,6,2
257,GS_S5L1_m5.avi,Getup,3,8,2
258,GS_S5L1_m5.avi,Sitdown,4,10,3
259,GS_S5L1_m5.avi,Getup,4,13,2
260,GS_S5L1_m5.avi,Sitdown,5,15,3
261,GS_S5L1_m5.avi,Getup,5,18,3
262,GS_S5L1_m5.avi,Sitdown,6,21,2
263,GS_S5L1_m5.avi,Getup,6,23,2
264,GS_S5L1_m5.avi,Sitdown,7,25,4
265,GS_S5L1_m5.avi,Getup,7,29,2
266,GS_S5L1_m5.avi,Sitdown,8,31,3
267,GS_S5L1_m5.avi,Getup,8,34,2
268,GS_S5L1_m5.avi,Sitdown,9,36,2
269,GS_S5L1_m5.avi,Getup,9,38,4
270,GS_S5L1_m5.avi,Sitdown,10,42,3
271,GS_S5L1_m5.avi,Getup,10,45,2
272,GS_S5L1_m5.avi,Sitdown,11,47,3
273,GS_S5L1_m5.avi,Getup,11,50,2
274,GS_S5L1_m5.avi,Sitdown,12,52,2
275,GS_S5L1_m5.avi,Getup,12,54,2
276,GS_S5L1_m5.avi,Sitdown,13,56,3
277,GS_S5L1_m5.avi,Getup,13,59,2
278,GS_S5L1_m5.avi,Sitdown,14,61,1
279,GS_S5L1_m5.avi,Getup,14,62,2
280,GS_S5L1_m5.avi,Sitdown,15,64,2
281,GS_S5L1_m5.avi,Getup,15,66,1
282,GS_S6D1_m5.avi,Sitdown,1,0,2
283,GS_S6D1_m5.avi,Getup,1,2,3
284,GS_S6D1_m5.avi,Sitdown,2,5,5
285,GS_S6D1_m5.avi,Getup,2,10,4
286,GS_S6D1_m5.avi,Sitdown,3,14,3
287,GS_S6D1_m5.avi,Getup,3,17,4
288,GS_S6D1_m5.avi,Sitdown,4,21,4
289,GS_S6D1_m5.avi,Getup,4,25,4
290,GS_S6D1_m5.avi,Sitdown,5,29,4
291,GS_S6D1_m5.avi,Getup,5,33,3
292,GS_S6D1_m5.avi,Sitdown,6,36,4
293,GS_S6D1_m5.avi,Getup,6,40,4
294,GS_S6D1_m5.avi,Sitdown,7,44,6
295,GS_S6D1_m5.avi,Getup,7,50,4
296,GS_S6D1_m5.avi,Sitdown,8,54,4
297,GS_S6D1_m5.avi,Getup,8,58,4
298,GS_S6D1_m5.avi,Sitdown,9,62,8
299,GS_S6D1_m5.avi,Getup,9,70,9
300,GS_S6D1_m5.avi,Sitdown,10,14,3
301,GS_S6D1_m5.avi,Getup,10,79,3
302,GS_S6D1_m5.avi,Sitdown,11,82,4
303,GS_S6D1_m5.avi,Getup,11,86,4
304,GS_S6D1_m5.avi,Sitdown,12,90,4
305,GS_S6D1_m5.avi,Getup,12,94,5
306,GS_S6D1_m5.avi,Sitdown,13,99,4
307,GS_S6D1_m5.avi,Getup,13,103,4
308,GS_S6D1_m5.avi,Sitdown,14,107,4
309,GS_S6D1_m5.avi,Getup,14,111,3
310,GS_S6D1_m5.avi,Sitdown,15,114,4
311,GS_S6D1_m5.avi,Getup,15,118,3
312,GS_S6L2_m5.avi,Sitdown,1,0,1
313,GS_S6L2_m5.avi,Getup,1,1,2
314,GS_S6L2_m5.avi,Sitdown,2,3,2
315,GS_S6L2_m5.avi,Getup,2,5,2
316,GS_S6L2_m5.avi,Sitdown,3,7,3
317,GS_S6L2_m5.avi,Getup,3,10,4
318,GS_S6L2_m5.avi,Sitdown,4,14,4
319,GS_S6L2_m5.avi,Getup,4,18,4
320,GS_S6L2_m5.avi,Sitdown,5,22,3
321,GS_S6L2_m5.avi,Getup,5,25,4
322,GS_S6L2_m5.avi,Sitdown,6,29,2
323,GS_S6L2_m5.avi,Getup,6,31,3
324,GS_S6L2_m5.avi,Sitdown,7,34,3
325,GS_S6L2_m5.avi,Getup,7,37,2
326,GS_S6L2_m5.avi,Sitdown,8,39,3
327,GS_S6L2_m5.avi,Getup,8,42,2
328,GS_S6L2_m5.avi,Sitdown,9,44,2
329,GS_S6L2_m5.avi,Getup,9,46,3
330,GS_S6L2_m5.avi,Sitdown,10,49,3
331,GS_S6L2_m5.avi,Getup,10,52,2
332,GS_S6L2_m5.avi,Sitdown,11,54,2
333,GS_S6L2_m5.avi,Getup,11,56,3
334,GS_S6L2_m5.avi,Sitdown,12,59,2
335,GS_S6L2_m5.avi,Getup,12,61,2
336,GS_S6L2_m5.avi,Sitdown,13,63,2
337,GS_S6L2_m5.avi,Getup,13,65,3
338,GS_S6L2_m5.avi,Sitdown,14,68,2
339,GS_S6L2_m5.avi,Getup,14,70,4
340,GS_S6L2_m5.avi,Sitdown,15,74,2
341,GS_S6L2_m5.avi,Getup,15,76,3
342,GS_S6L2_m5.avi,Sitdown,16,79,2
343,GS_S6L2_m5.avi,Getup,16,81,2
344,GS_S7D2_m5.avi,Sitdown,1,0,2
345,GS_S7D2_m5.avi,Getup,1,2,2
346,GS_S7D2_m5.avi,Sitdown,2,4,4
347,GS_S7D2_m5.avi,Getup,2,8,6
348,GS_S7D2_m5.avi,Sitdown,3,14,1
349,GS_S7D2_m5.avi,Getup,3,18,5
350,GS_S7D2_m5.avi,Sitdown,4,23,4
351,GS_S7D2_m5.avi,Getup,4,27,5
352,GS_S7D2_m5.avi,Sitdown,5,32,4
353,GS_S7D2_m5.avi,Getup,5,36,4
354,GS_S7D2_m5.avi,Sitdown,6,40,4
355,GS_S7D2_m5.avi,Getup,6,44,4
356,GS_S7D2_m5.avi,Sitdown,7,48,4
357,GS_S7D2_m5.avi,Getup,7,52,4
358,GS_S7D2_m5.avi,Sitdown,8,56,4
359,GS_S7D2_m5.avi,Getup,8,60,4
360,GS_S7D2_m5.avi,Sitdown,9,64,4
361,GS_S7D2_m5.avi,Getup,9,68,14
362,GS_S7D2_m5.avi,Sitdown,10,15,3
363,GS_S7D2_m5.avi,Getup,10,18,5
364,GS_S7K1_m5.avi,Sitdown,1,0,2
365,GS_S7K1_m5.avi,Getup,1,2,3
366,GS_S7K1_m5.avi,Sitdown,2,5,4
367,GS_S7K1_m5.avi,Getup,2,9,3
368,GS_S7K1_m5.avi,Sitdown,3,12,3
369,GS_S7K1_m5.avi,Getup,3,15,3
370,GS_S7K1_m5.avi,Sitdown,4,18,4
371,GS_S7K1_m5.avi,Getup,4,22,4
372,GS_S7K1_m5.avi,Sitdown,5,26,3
373,GS_S7K1_m5.avi,Getup,5,29,3
374,GS_S7K1_m5.avi,Sitdown,6,32,3
375,GS_S7K1_m5.avi,Getup,6,35,4
376,GS_S7K1_m5.avi,Sitdown,7,39,6
377,GS_S7K1_m5.avi,Getup,7,45,2
378,GS_S7K1_m5.avi,Sitdown,8,47,2
379,GS_S7K1_m5.avi,Getup,8,49,3
380,GS_S7K1_m5.avi,Sitdown,9,52,3
381,GS_S7K1_m5.avi,Getup,9,55,3
382,GS_S7K1_m5.avi,Sitdown,10,58,3
383,GS_S7K1_m5.avi,Getup,10,61,4
384,GS_S7K1_m5.avi,Sitdown,11,65,6
385,GS_S7K1_m5.avi,Getup,11,71,5
386,GS_S7K1_m5.avi,Sitdown,12,76,2
387,GS_S7K1_m5.avi,Getup,12,78,4
388,GS_S7K1_m5.avi,Sitdown,13,82,4
389,GS_S7K1_m5.avi,Getup,13,86,4
390,GS_S7K1_m5.avi,Sitdown,14,90,4
391,GS_S7K1_m5.avi,Getup,14,94,3
392,GS_S7K1_m5.avi,Sitdown,15,97,3
393,GS_S7K1_m5.avi,Getup,15,100,2
394,GS_S8K1_m5.avi,Sitdown,1,0,3
395,GS_S8K1_m5.avi,Getup,1,3,3
396,GS_S8K1_m5.avi,Sitdown,2,6,3
397,GS_S8K1_m5.avi,Getup,2,9,4
398,GS_S8K1_m5.avi,Sitdown,3,13,3
399,GS_S8K1_m5.avi,Getup,3,16,3
400,GS_S8K1_m5.avi,Sitdown,4,19,5
401,GS_S8K1_m5.avi,Getup,4,24,3
402,GS_S8K1_m5.avi,Sitdown,5,27,4
403,GS_S8K1_m5.avi,Getup,5,31,2
404,GS_S8K1_m5.avi,Sitdown,6,33,3
405,GS_S8K1_m5.avi,Getup,6,36,4
406,GS_S8K1_m5.avi,Sitdown,7,40,3
407,GS_S8K1_m5.avi,Getup,7,43,3
408,GS_S8K1_m5.avi,Sitdown,8,46,2
409,GS_S8K1_m5.avi,Getup,8,48,3
410,GS_S8K1_m5.avi,Sitdown,9,51,3
411,GS_S8K1_m5.avi,Getup,9,54,3
412,GS_S8K1_m5.avi,Sitdown,10,57,3
413,GS_S8K1_m5.avi,Getup,10,60,2
414,GS_S8L2_m5.avi,Sitdown,1,0,4
415,GS_S8L2_m5.avi,Getup,1,4,2
416,GS_S8L2_m5.avi,Sitdown,2,6,3
417,GS_S8L2_m5.avi,Getup,2,9,3
418,GS_S8L2_m5.avi,Sitdown,3,12,2
419,GS_S8L2_m5.avi,Getup,3,14,3
420,GS_S8L2_m5.avi,Sitdown,4,17,2
421,GS_S8L2_m5.avi,Getup,4,19,3
422,GS_S8L2_m5.avi,Sitdown,5,22,3
423,GS_S8L2_m5.avi,Getup,5,25,2
424,GS_S8L2_m5.avi,Sitdown,6,27,2
425,GS_S8L2_m5.avi,Getup,6,29,3
426,GS_S8L2_m5.avi,Sitdown,7,32,3
427,GS_S8L2_m5.avi,Getup,7,35,3
428,GS_S8L2_m5.avi,Sitdown,8,38,2
429,GS_S8L2_m5.avi,Getup,8,40,4
430,GS_S8L2_m5.avi,Sitdown,9,44,3
431,GS_S8L2_m5.avi,Getup,9,47,2
432,GS_S8L2_m5.avi,Sitdown,10,49,4
433,GS_S8L2_m5.avi,Getup,10,53,1
434,GS_S1L1_fC10.avi,Sitdown,1,0,3
435,GS_S1L1_fC10.avi,Getup,1,3,3
436,GS_S1L1_fC10.avi,Sitdown,2,6,3
437,GS_S1L1_fC10.avi,Getup,2,9,3
438,GS_S1L1_fC10.avi,Sitdown,3,12,3
439,GS_S1L1_fC10.avi,Getup,3,15,3
440,GS_S1L1_fC11.avi,Sitdown,1,0,3
441,GS_S1L1_fC11.avi,Getup,1,3,3
442,GS_S1L1_fC11.avi,Sitdown,2,6,3
443,GS_S1L1_fC11.avi,Getup,2,9,3
444,GS_S1L1_fC11.avi,Sitdown,3,12,3
445,GS_S1L1_fC11.avi,Getup,3,15,3
446,GS_S1L1_fC9.avi,Sitdown,1,0,3
447,GS_S1L1_fC9.avi,Getup,1,3,3
448,GS_S1L1_fC9.avi,Sitdown,2,6,3
449,GS_S1L1_fC9.avi,Getup,2,9,3
450,GS_S1L1_fC9.avi,Sitdown,3,12,3
451,GS_S1L1_fC9.avi,Getup,3,15,3
452,GS_S2L1_fC10.avi,Sitdown,1,0,3
453,GS_S2L1_fC10.avi,Getup,1,3,3
454,GS_S2L1_fC10.avi,Sitdown,2,6,3
455,GS_S2L1_fC10.avi,Getup,2,9,3
456,GS_S2L1_fC10.avi,Sitdown,3,12,3
457,GS_S2L1_fC10.avi,Getup,3,15,3
458,GS_S2L1_fC11.avi,Sitdown,1,0,3
459,GS_S2L1_fC11.avi,Getup,1,3,3
460,GS_S2L1_fC11.avi,Sitdown,2,6,3
461,GS_S2L1_fC11.avi,Getup,2,9,3
462,GS_S2L1_fC11.avi,Sitdown,3,12,3
463,GS_S2L1_fC11.avi,Getup,3,15,3
464,GS_S2L1_fC9.avi,Sitdown,1,0,3
465,GS_S2L1_fC9.avi,Getup,1,3,3
466,GS_S2L1_fC9.avi,Sitdown,2,6,3
467,GS_S2L1_fC9.avi,Getup,2,9,3
468,GS_S2L1_fC9.avi,Sitdown,3,12,3
469,GS_S2L1_fC9.avi,Getup,3,15,3
470,GS_S3L1_fC10.avi,Sitdown,1,0,3
471,GS_S3L1_fC10.avi,Getup,1,3,3
472,GS_S3L1_fC10.avi,Sitdown,2,6,3
473,GS_S3L1_fC10.avi,Getup,2,9,3
474,GS_S3L1_fC10.avi,Sitdown,3,12,3
475,GS_S3L1_fC10.avi,Getup,3,15,3
476,GS_S3L1_fC11.avi,Sitdown,1,0,3
477,GS_S3L1_fC11.avi,Getup,1,3,3
478,GS_S3L1_fC11.avi,Sitdown,2,6,3
479,GS_S3L1_fC11.avi,Getup,2,9,3
480,GS_S3L1_fC11.avi,Sitdown,3,12,3
481,GS_S3L1_fC11.avi,Getup,3,15,3
482,GS_S3L1_fC9.avi,Sitdown,1,0,3
483,GS_S3L1_fC9.avi,Getup,1,3,3
484,GS_S3L1_fC9.avi,Sitdown,2,6,3
485,GS_S3L1_fC9.avi,Getup,2,9,3
486,GS_S3L1_fC9.avi,Sitdown,3,12,3
487,GS_S3L1_fC9.avi,Getup,3,15,3
488,GS_S4L1_fC10.avi,Sitdown,1,0,3
489,GS_S4L1_fC10.avi,Getup,1,3,3
490,GS_S4L1_fC10.avi,Sitdown,2,6,3
491,GS_S4L1_fC10.avi,Getup,2,9,3
492,GS_S4L1_fC10.avi,Sitdown,3,12,3
493,GS_S4L1_fC10.avi,Getup,3,15,3
494,GS_S4L1_fC11.avi,Sitdown,1,0,3
495,GS_S4L1_fC11.avi,Getup,1,3,3
496,GS_S4L1_fC11.avi,Sitdown,2,6,3
497,GS_S4L1_fC11.avi,Getup,2,9,3
498,GS_S4L1_fC11.avi,Sitdown,3,12,3
499,GS_S4L1_fC11.avi,Getup,3,15,3
500,GS_S4L1_fC9.avi,Sitdown,1,0,3
501,GS_S4L1_fC9.avi,Getup,1,3,3
502,GS_S4L1_fC9.avi,Sitdown,2,6,3
503,GS_S4L1_fC9.avi,Getup,2,9,3
504,GS_S4L1_fC9.avi,Sitdown,3,12,3
505,GS_S4L1_fC9.avi,Getup,3,15,3
506,GS_S5L1_fC10.avi,Sitdown,1,0,3
507,GS_S5L1_fC10.avi,Getup,1,3,3
508,GS_S5L1_fC10.avi,Sitdown,2,6,3
509,GS_S5L1_fC10.avi,Getup,2,9,3
510,GS_S5L1_fC10.avi,Sitdown,3,12,3
511,GS_S5L1_fC10.avi,Getup,3,15,3
512,GS_S5L1_fC11.avi,Sitdown,1,0,3
513,GS_S5L1_fC11.avi,Getup,1,3,3
514,GS_S5L1_fC11.avi,Sitdown,2,6,3
515,GS_S5L1_fC11.avi,Getup,2,9,3
516,GS_S5L1_fC11.avi,Sitdown,3,12,3
517,GS_S5L1_fC11.avi,Getup,3,15,3
518,GS_S5L1_fC9.avi,Sitdown,1,0,3
519,GS_S5L1_fC9.avi,Getup,1,3,3
520,GS_S5L1_fC9.avi,Sitdown,2,6,3
521,GS_S5L1_fC9.avi,Getup,2,9,3
522,GS_S5L1_fC9.avi,Sitdown,3,12,3
523,GS_S5L1_fC9.avi,Getup,3,15,3
524,GS_S6L1_fC10.avi,Sitdown,1,0,3
525,GS_S6L1_fC10.avi,Getup,1,3,3
526,GS_S6L1_fC10.avi,Sitdown,2,6,3
527,GS_S6L1_fC10.avi,Getup,2,9,3
528,GS_S6L1_fC10.avi,Sitdown,3,12,3
529,GS_S6L1_fC10.avi,Getup,3,15,3
530,GS_S6L1_fC11.avi,Sitdown,1,0,3
531,GS_S6L1_fC11.avi,Getup,1,3,3
532,GS_S6L1_fC11.avi,Sitdown,2,6,3
533,GS_S6L1_fC11.avi,Getup,2,9,3
534,GS_S6L1_fC11.avi,Sitdown,3,12,3
535,GS_S6L1_fC11.avi,Getup,3,15,3
536,GS_S6L1_fC9.avi,Sitdown,1,0,3
537,GS_S6L1_fC9.avi,Getup,1,3,3
538,GS_S6L1_fC9.avi,Sitdown,2,6,3
539,GS_S6L1_fC9.avi,Getup,2,9,3
540,GS_S6L1_fC9.avi,Sitdown,3,12,3
541,GS_S6L1_fC9.avi,Getup,3,15,3
542,GS_S7L1_fC10.avi,Sitdown,1,0,3
543,GS_S7L1_fC10.avi,Getup,1,3,3
544,GS_S7L1_fC10.avi,Sitdown,2,6,3
545,GS_S7L1_fC10.avi,Getup,2,9,3
546,GS_S7L1_fC10.avi,Sitdown,3,12,3
547,GS_S7L1_fC10.avi,Getup,3,15,3
548,GS_S7L1_fC11.avi,Sitdown,1,0,3
549,GS_S7L1_fC11.avi,Getup,1,3,3
550,GS_S7L1_fC11.avi,Sitdown,2,6,3
551,GS_S7L1_fC11.avi,Getup,2,9,3
552,GS_S7L1_fC11.avi,Sitdown,3,12,3
553,GS_S7L1_fC11.avi,Getup,3,15,3
554,GS_S7L1_fC9.avi,Sitdown,1,0,3
555,GS_S7L1_fC9.avi,Getup,1,3,3
556,GS_S7L1_fC9.avi,Sitdown,2,6,3
557,GS_S7L1_fC9.avi,Getup,2,9,3
558,GS_S7L1_fC9.avi,Sitdown,3,12,3
559,GS_S7L1_fC9.avi,Getup,3,15,3
560,GS_S8L1_fC10.avi,Sitdown,1,0,3
561,GS_S8L1_fC10.avi,Getup,1,3,3
562,GS_S8L1_fC10.avi,Sitdown,2,6,3
563,GS_S8L1_fC10.avi,Getup,2,9,3
564,GS_S8L1_fC10.avi,Sitdown,3,12,3
565,GS_S8L1_fC10.avi,Getup,3,15,3
566,GS_S8L1_fC11.avi,Sitdown,1,0,3
567,GS_S8L1_fC11.avi,Getup,1,3,3
568,GS_S8L1_fC11.avi,Sitdown,2,6,3
569,GS_S8L1_fC11.avi,Getup,2,9,3
570,GS_S8L1_fC11.avi,Sitdown,3,12,3
571,GS_S8L1_fC11.avi,Getup,3,15,3
572,GS_S8L1_fC9.avi,Sitdown,1,0,3
573,GS_S8L1_fC9.avi,Getup,1,3,3
574,GS_S8L1_fC9.avi,Sitdown,2,6,3
575,GS_S8L1_fC9.avi,Getup,2,9,3
576,GS_S8L1_fC9.avi,Sitdown,3,12,3
577,GS_S8L1_fC9.avi,Getup,3,15,3
578,GS_S1D1_fC1.avi,Sitdown,1,0,4
579,GS_S1D1_fC1.avi,Getup,1,4,4
580,GS_S1D1_fC1.avi,Sitdown,2,8,4
581,GS_S1D1_fC1.avi,Getup,2,12,4
582,GS_S1D1_fC1.avi,Sitdown,3,16,4
583,GS_S1D1_fC1.avi,Getup,3,20,4
584,GS_S1D1_fC2.avi,Sitdown,1,0,4
585,GS_S1D1_fC2.avi,Getup,1,4,4
586,GS_S1D1_fC2.avi,Sitdown,2,8,4
587,GS_S1D1_fC2.avi,Getup,2,12,4
588,GS_S1D1_fC2.avi,Sitdown,3,16,4
589,GS_S1D1_fC2.avi,Getup,3,20,4
590,GS_S1K1_fC5.avi,Sitdown,1,0,4
591,GS_S1K1_fC5.avi,Getup,1,4,4
592,GS_S1K1_fC5.avi,Sitdown,2,8,4
593,GS_S1K1_fC5.avi,Getup,2,12,4
594,GS_S1K1_fC5.avi,Sitdown,3,16,4
595,GS_S1K1_fC5.avi,Getup,3,20,4
596,GS_S1K1_fC6.avi,Sitdown,1,0,4
597,GS_S1K1_fC6.avi,Getup,1,4,4
598,GS_S1K1_fC6.avi,Sitdown,2,8,4
599,GS_S1K1_fC6.avi,Getup,2,12,4
600,GS_S1K1_fC6.avi,Sitdown,3,16,4
601,GS_S1K1_fC6.avi,Getup,3,20,4
602,GS_S2D1_fC1.avi,Sitdown,1,0,4
603,GS_S2D1_fC1.avi,Getup,1,4,4
604,GS_S2D1_fC1.avi,Sitdown,2,8,4
605,GS_S2D1_fC1.avi,Getup,2,12,4
606,GS_S2D1_fC1.avi,Sitdown,3,16,4
607,GS_S2D1_fC1.avi,Getup,3,20,4
608,GS_S2D1_fC2.avi,Sitdown,1,0,4
609,GS_S2D1_fC2.avi,Getup,1,4,4
610,GS_S2D1_fC2.avi,Sitdown,2,8,4
611,GS_S2D1_fC2.avi,Getup,2,12,4
612,GS_S2D1_fC2.avi,Sitdown,3,16,4
613,GS_S2D1_fC2.avi,Getup,3,20,4
614,GS_S2K1_fC5.avi,Sitdown,1,0,4
615,GS_S2K1_fC5.avi,Getup,1,4,4
616,GS_S2K1_fC5.avi,Sitdown,2,8,4
617,GS_S2K1_fC5.avi,Getup,2,12,4
618,GS_S2K1_fC5.avi,Sitdown,3,16,4
619,GS_S2K1_fC5.avi,Getup,3,20,4
620,GS_S2K1_fC6.avi,Sitdown,1,0,4
621,GS_S2K1_fC6.avi,Getup,1,4,4
622,GS_S2K1_fC6.avi,Sitdown,2,8,4
623,GS_S2K1_fC6.avi,Getup,2,12,4
624,GS_S2K1_fC6.avi,Sitdown,3,16,4
625,GS_S2K1_fC6.avi,Getup,3,20,4
626,GS_S3D1_fC1.avi,Sitdown,1,0,4
627,GS_S3D1_fC1.avi,Getup,1,4,4
628,GS_S3D1_fC1.avi,Sitdown,2,8,4
629,GS_S3D1_fC1.avi,Getup,2,12,4
630,GS_S3D1_fC1.avi,Sitdown,3,16,4
631,GS_S3D1_fC1.avi,Getup,3,20,4
632,GS_S3D1_fC2.avi,Sitdown,1,0,4
633,GS_S3D1_fC2.avi,Getup,1,4,4
634,GS_S3D1_fC2.avi,Sitdown,2,8,4
635,GS_S3D1_fC2.avi,Getup,2,12,4
636,GS_S3D1_fC2.avi,Sitdown,3,16,4
637,GS_S3D1_fC2.avi,Getup,3,20,4
638,GS_S3K1_fC5.avi,Sitdown,1,0,4
639,GS_S3K1_fC5.avi,Getup,1,4,4
640,GS_S3K1_fC5.avi,Sitdown,2,8,4
641,GS_S3K1_fC5.avi,Getup,2,12,4
642,GS_S3K1_fC5.avi,Sitdown,3,16,4
643,GS_S3K1_fC5.avi,Getup,3,20,4
644,GS_S3K1_fC6.avi,Sitdown,1,0,4
645,GS_S3K1_fC6.avi,Getup,1,4,4
646,GS_S3K1_fC6.avi,Sitdown,2,8,4
647,GS_S3K1_fC6.avi,Getup,2,12,4
648,GS_S3K1_fC6.avi,Sitdown,3,16,4
649,GS_S3K1_fC6.avi,Getup,3,20,4
650,GS_S4D1_fC1.avi,Sitdown,1,0,4
651,GS_S4D1_fC1.avi,Getup,1,4,4
652,GS_S4D1_fC1.avi,Sitdown,2,8,4
653,GS_S4D1_fC1.avi,Getup,2,12,4
654,GS_S4D1_fC1.avi,Sitdown,3,16,4
655,GS_S4D1_fC1.avi,Getup,3,20,4
656,GS_S4D1_fC2.avi,Sitdown,1,0,4
657,GS_S4D1_fC2.avi,Getup,1,4,4
658,GS_S4D1_fC2.avi,Sitdown,2,8,4
659,GS_S4D1_fC2.avi,Getup,2,12,4
660,GS_S4D1_fC2.avi,Sitdown,3,16,4
661,GS_S4D1_fC2.avi,Getup,3,20,4
662,GS_S4K1_fC5.avi,Sitdown,1,0,4
663,GS_S4K1_fC5.avi,Getup,1,4,4
664,GS_S4K1_fC5.avi,Sitdown,2,8,4
665,GS_S4K1_fC5.avi,Getup,2,12,4
666,GS_S4K1_fC5.avi,Sitdown,3,16,4
667,GS_S4K1_fC5.avi,Getup,3,20,4
668,GS_S4K1_fC6.avi,Sitdown,1,0,4
669,GS_S4K1_fC6.avi,Getup,1,4,4
670,GS_S4K1_fC6.avi,Sitdown,2,8,4
671,GS_S4K1_fC6.avi,Getup,2,12,4
672,GS_S4K1_fC6.avi,Sitdown,3,16,4
673,GS_S4K1_fC6.avi,Getup,3,20,4
674,GS_S5D1_fC1.avi,Sitdown,1,0,4
675,GS_S5D1_fC1.avi,Getup,1,4,4
676,GS_S5D1_fC1.avi,Sitdown,2,8,4
677,GS_S5D1_fC1.avi,Getup,2,12,4
678,GS_S5D1_fC1.avi,Sitdown,3,16,4
679,GS_S5D1_fC1.avi,Getup,3,20,4
680,GS_S5D1_fC2.avi,Sitdown,1,0,4
681,GS_S5D1_fC2.avi,Getup,1,4,4
682,GS_S5D1_fC2.avi,Sitdown,2,8,4
683,GS_S5D1_fC2.avi,Getup,2,12,4
684,GS_S5D1_fC2.avi,Sitdown,3,16,4
685,GS_S5D1_fC2.avi,Getup,3,20,4
686,GS_S5K1_fC5.avi,Sitdown,1,0,4
687,GS_S5K1_fC5.avi,Getup,1,4,4
688,GS_S5K1_fC5.avi,Sitdown,2,8,4
689,GS_S5K1_fC5.avi,Getup,2,12,4
690,GS_S5K1_fC5.avi,Sitdown,3,16,4
691,GS_S5K1_fC5.avi,Getup,3,20,4
692,GS_S5K1_fC6.avi,Sitdown,1,0,4
693,GS_S5K1_fC6.avi,Getup,1,4,4
694,GS_S5K1_fC6.avi,Sitdown,2,8,4
695,GS_S5K1_fC6.avi,Getup,2,12,4
696,GS_S5K1_fC6.avi,Sitdown,3,16,4
697,GS_S5K1_fC6.avi,Getup,3,20,4
698,GS_S6D1_fC1.avi,Sitdown,1,0,4
699,GS_S6D1_fC1.avi,Getup,1,4,4
700,GS_S6D1_fC1.avi,Sitdown,2,8,4
701,GS_S6D1_fC1.avi,Getup,2,12,4
702,GS_S6D1_fC1.avi,Sitdown,3,16,4
703,GS_S6D1_fC1.avi,Getup,3,20,4
704,GS_S6D1_fC2.avi,Sitdown,1,0,4
705,GS_S6D1_fC2.avi,Getup,1,4,4
706,GS_S6D1_fC2.avi,Sitdown,2,8,4
707,GS_S6D1_fC2.avi,Getup,2,12,4
708,GS_S6D1_fC2.avi,Sitdown,3,16,4
709,GS_S6D1_fC2.avi,Getup,3,20,4
710,GS_S6K1_fC5.avi,Sitdown,1,0,4
711,GS_S6K1_fC5.avi,Getup,1,4,4
712,GS_S6K1_fC5.avi,Sitdown,2,8,4
713,GS_S6K1_fC5.avi,Getup,2,12,4
714,GS_S6K1_fC5.avi,Sitdown,3,16,4
715,GS_S6K1_fC5.avi,Getup,3,20,4
716,GS_S6K1_fC6.avi,Sitdown,1,0,4
717,GS_S6K1_fC6.avi,Getup,1,4,4
718,GS_S6K1_fC6.avi,Sitdown,2,8,4
719,GS_S6K1_fC6.avi,Getup,2,12,4
720,GS_S6K1_fC6.avi,Sitdown,3,16,4
721,GS_S6K1_fC6.avi,Getup,3,20,4
722,GS_S7D1_fC1.avi,Sitdown,1,0,4
723,GS_S7D1_fC1.avi,Getup,1,4,4
724,GS_S7D1_fC1.avi,Sitdown,2,8,4
725,GS_S7D1_fC1.avi,Getup,2,12,4
726,GS_S7D1_fC1.avi,Sitdown,3,16,4
727,GS_S7D1_fC1.avi,Getup,3,20,4
728,GS_S7D1_fC2.avi,Sitdown,1,0,4
729,GS_S7D1_fC2.avi,Getup,1,4,4
730,GS_S7D1_fC2.avi,Sitdown,2,8,4
731,GS_S7D1_fC2.avi,Getup,2,12,4
732,GS_S7D1_fC2.avi,Sitdown,3,16,4
733,GS_S7D1_fC2.avi,Getup,3,20,4
734,GS_S7K1_fC5.avi,Sitdown,1,0,4
735,GS_S7K1_fC5.avi,Getup,1,4,4
736,GS_S7K1_fC5.avi,Sitdown,2,8,4
737,GS_S7K1_fC5.avi,Getup,2,12,4
738,GS_S7K1_fC5.avi,Sitdown,3,16,4
739,GS_S7K1_fC5.avi,Getup,3,20,4
740,GS_S7K1_fC6.avi,Sitdown,1,0,4
741,GS_S7K1_fC6.avi,Getup,1,4,4
742,GS_S7K1_fC6.avi,Sitdown,2,8,4
743,GS_S7K1_fC6.avi,Getup,2,12,4
744,GS_S7K1_fC6.avi,Sitdown,3,16,4
745,GS_S7K1_fC6.avi,Getup,3,20,4
746,GS_S8D1_fC1.avi,Sitdown,1,0,4
747,GS_S8D1_fC1.avi,Getup,1,4,4
748,GS_S8D1_fC1.avi,Sitdown,2,8,4
749,GS_S8D1_fC1.avi,Getup,2,12,4
750,GS_S8D1_fC1.avi,Sitdown,3,16,4
751,GS_S8D1_fC1.avi,Getup,3,20,4
752,GS_S8D1_fC2.avi,Sitdown,1,0,4
753,GS_S8D1_fC2.avi,Getup,1,4,4
754,GS_S8D1_fC2.avi,Sitdown,2,8,4
755,GS_S8D1_fC2.avi,Getup,2,12,4
756,GS_S8D1_fC2.avi,Sitdown,3,16,4
757,GS_S8D1_fC2.avi,Getup,3,20,4
758,GS_S8K1_fC5.avi,Sitdown,1,0,4
759,GS_S8K1_fC5.avi,Getup,1,4,4
760,GS_S8K1_fC5.avi,Sitdown,2,8,4
761,GS_S8K1_fC5.avi,Getup,2,12,4
762,GS_S8K1_fC5.avi,Sitdown,3,16,4
763,GS_S8K1_fC5.avi,Getup,3,20,4
764,GS_S8K1_fC6.avi,Sitdown,1,0,4
765,GS_S8K1_fC6.avi,Getup,1,4,4
766,GS_S8K1_fC6.avi,Sitdown,2,8,4
767,GS_S8K1_fC6.avi,Getup,2,12,4
768,GS_S8K1_fC6.avi,Sitdown,3,16,4
769,GS_S8K1_fC6.avi,Getup,3,20,4
770,GS_S1D2_fC13.avi,Sitdown,1,0,4
771,GS_S1D2_fC13.avi,Getup,1,4,4
772,GS_S1D2_fC13.avi,Sitdown,2,8,4
773,GS_S1D2_fC13.avi,Getup,2,12,4
774,GS_S1D2_fC13.avi,Sitdown,3,16,4
775,GS_S1D2_fC13.avi,Getup,3,20,4
776,GS_S1D2_fC14.avi,Sitdown,1,0,4
777,GS_S1D2_fC14.avi,Getup,1,4,4
778,GS_S1D2_fC14.avi,Sitdown,2,8,4
779,GS_S1D2_fC14.avi,Getup,2,12,4
780,GS_S1D2_fC14.avi,Sitdown,3,16,4
781,GS_S1D2_fC14.avi,Getup,3,20,4
782,GS_S1K2_fC17.avi,Sitdown,1,0,4
783,GS_S1K2_fC17.avi,Getup,1,4,4
784,GS_S1K2_fC17.avi,Sitdown,2,8,4
785,GS_S1K2_fC17.avi,Getup,2,12,4
786,GS_S1K2_fC17.avi,Sitdown,3,16,4
787,GS_S1K2_fC17.avi,Getup,3,20,4
788,GS_S1K2_fC18.avi,Sitdown,1,0,4
789,GS_S1K2_fC18.avi,Getup,1,4,4
790,GS_S1K2_fC18.avi,Sitdown,2,8,4
791,GS_S1K2_fC18.avi,Getup,2,12,4
792,GS_S1K2_fC18.avi,Sitdown,3,16,4
793,GS_S1K2_fC18.avi,Getup,3,20,4
794,GS_S2D2_fC13.avi,Sitdown,1,0,4
795,GS_S2D2_fC13.avi,Getup,1,4,4
796,GS_S2D2_fC13.avi,Sitdown,2,8,4
797,GS_S2D2_fC13.avi,Getup,2,12,4
798,GS_S2D2_fC13.avi,Sitdown,3,16,4
799,GS_S2D2_fC13.avi,Getup,3,20,4
800,GS_S2D2_fC14.avi,Sitdown,1,0,4
801,GS_S2D2_fC14.avi,Getup,1,4,4
802,GS_S2D2_fC14.avi,Sitdown,2,8,4
803,GS_S2D2_fC14.avi,Getup,2,12,4
804,GS_S2D2_fC14.avi,Sitdown,3,16,4
805,GS_S2D2_fC14.avi,Getup,3,20,4
806,GS_S2K2_fC17.avi,Sitdown,1,0,4
807,GS_S2K2_fC17.avi,Getup,1,4,4
808,GS_S2K2_fC17.avi,Sitdown,2,8,4
809,GS_S2K2_fC17.avi,Getup,2,12,4
810,GS_S2K2_fC17.avi,Sitdown,3,16,4
811,GS_S2K2_fC17.avi,Getup,3,20,4
812,GS_S2K2_fC18.avi,Sitdown,1,0,4
813,GS_S2K2_fC18.avi,Getup,1,4,4
814,GS_S2K2_fC18.avi,Sitdown,2,8,4
815,GS_S2K2_fC18.avi,Getup,2,12,4
816,GS_S2K2_fC18.avi,Sitdown,3,16,4
817,GS_S2K2_fC18.avi,Getup,3,20,4
818,GS_S3D2_fC13.avi,Sitdown,1,0,4
819,GS_S3D2_fC13.avi,Getup,1,4,4
820,GS_S3D2_fC13.avi,Sitdown,2,8,4
821,GS_S3D2_fC13.avi,Getup,2,12,4
822,GS_S3D2_fC13.avi,Sitdown,3,16,4
823,GS_S3D2_fC13.avi,Getup,3,20,4
824,GS_S3D2_fC14.avi,Sitdown,1,0,4
825,GS_S3D2_fC14.avi,Getup,1,4,4
826,GS_S3D2_fC14.avi,Sitdown,2,8,4
827,GS_S3D2_fC14.avi,Getup,2,12,4
828,GS_S3D2_fC14.avi,Sitdown,3,16,4
829,GS_S3D2_fC14.avi,Getup,3,20,4
830,GS_S3K2_fC17.avi,Sitdown,1,0,4
831,GS_S3K2_fC17.avi,Getup,1,4,4
832,GS_S3K2_fC17.avi,Sitdown,2,8,4
833,GS_S3K2_fC17.avi,Getup,2,12,4
834,GS_S3K2_fC17.avi,Sitdown,3,16,4
835,GS_S3K2_fC17.avi,Getup,3,20,4
836,GS_S3K2_fC18.avi,Sitdown,1,0,4
837,GS_S3K2_fC18.avi,Getup,1,4,4
838,GS_S3K2_fC18.avi,Sitdown,2,8,4
839,GS_S3K2_fC18.avi,Getup,2,12,4
840,GS_S3K2_fC18.avi,Sitdown,3,16,4
841,GS_S3K2_fC18.avi,Getup,3,20,4
842,GS_S4D2_fC13.avi,Sitdown,1,0,4
843,GS_S4D2_fC13.avi,Getup,1,4,4
844,GS_S4D2_fC13.avi,Sitdown,2,8,4
845,GS_S4D2_fC13.avi,Getup,2,12,4
846,GS_S4D2_fC13.avi,Sitdown,3,16,4
847,GS_S4D2_fC13.avi,Getup,3,20,4
848,GS_S4D2_fC14.avi,Sitdown,1,0,4
849,GS_S4D2_fC14.avi,Getup,1,4,4
850,GS_S4D2_fC14.avi,Sitdown,2,8,4
851,GS_S4D2_fC14.avi,Getup,2,12,4
852,GS_S4D2_fC14.avi,Sitdown,3,16,4
853,GS_S4D2_fC14.avi,Getup,3,20,4
854,GS_S4K2_fC17.avi,Sitdown,1,0,4
855,GS_S4K2_fC17.avi,Getup,1,4,4
856,GS_S4K2_fC17.avi,Sitdown,2,8,4
857,GS_S4K2_fC17.avi,Getup,2,12,4
858,GS_S4K2_fC17.avi,Sitdown,3,16,4
859,GS_S4K2_fC17.avi,Getup,3,20,4
860,GS_S4K2_fC18.avi,Sitdown,1,0,4
861,GS_S4K2_fC18.avi,Getup,1,4,4
862,GS_S4K2_fC18.avi,Sitdown,2,8,4
863,GS_S4K2_fC18.avi,Getup,2,12,4
864,GS_S4K2_fC18.avi,Sitdown,3,16,4
865,GS_S4K2_fC18.avi,Getup,3,20,4
866,GS_S5D2_fC13.avi,Sitdown,1,0,4
867,GS_S5D2_fC13.avi,Getup,1,4,4
868,GS_S5D2_fC13.avi,Sitdown,2,8,4
869,GS_S5D2_fC13.avi,Getup,2,12,4
870,GS_S5D2_fC13.avi,Sitdown,3,16,4
871,GS_S5D2_fC13.avi,Getup,3,20,4
872,GS_S5D2_fC14.avi,Sitdown,1,0,4
873,GS_S5D2_fC14.avi,Getup,1,4,4
874,GS_S5D2_fC14.avi,Sitdown,2,8,4
875,GS_S5D2_fC14.avi,Getup,2,12,4
876,GS_S5D2_fC14.avi,Sitdown,3,16,4
877,GS_S5D2_fC14.avi,Getup,3,20,4
878,GS_S5K2_fC17.avi,Sitdown,1,0,4
879,GS_S5K2_fC17.avi,Getup,1,4,4
880,GS_S5K2_fC17.avi,Sitdown,2,8,4
881,GS_S5K2_fC17.avi,Getup,2,12,4
882,GS_S5K2_fC17.avi,Sitdown,3,16,4
883,GS_S5K2_fC17.avi,Getup,3,20,4
884,GS_S5K2_fC18.avi,Sitdown,1,0,4
885,GS_S5K2_fC18.avi,Getup,1,4,4
886,GS_S5K2_fC18.avi,Sitdown,2,8,4
887,GS_S5K2_fC18.avi,Getup,2,12,4
888,GS_S5K2_fC18.avi,Sitdown,3,16,4
889,GS_S5K2_fC18.avi,Getup,3,20,4
890,GS_S6D2_fC13.avi,Sitdown,1,0,4
891,GS_S6D2_fC13.avi,Getup,1,4,4
892,GS_S6D2_fC13.avi,Sitdown,2,8,4
893,GS_S6D2_fC13.avi,Getup,2,12,4
894,GS_S6D2_fC13.avi,Sitdown,3,16,4
895,GS_S6D2_fC13.avi,Getup,3,20,4
896,GS_S6D2_fC14.avi,Sitdown,1,0,4
897,GS_S6D2_fC14.avi,Getup,1,4,4
898,GS_S6D2_fC14.avi,Sitdown,2,8,4
899,GS_S6D2_fC14.avi,Getup,2,12,4
900,GS_S6D2_fC14.avi,Sitdown,3,16,4
901,GS_S6D2_fC14.avi,Getup,3,20,4
902,GS_S6K2_fC17.avi,Sitdown,1,0,4
903,GS_S6K2_fC17.avi,Getup,1,4,4
904,GS_S6K2_fC17.avi,Sitdown,2,8,4
905,GS_S6K2_fC17.avi,Getup,2,12,4
906,GS_S6K2_fC17.avi,Sitdown,3,16,4
907,GS_S6K2_fC17.avi,Getup,3,20,4
908,GS_S6K2_fC18.avi,Sitdown,1,0,4
909,GS_S6K2_fC18.avi,Getup,1,4,4
910,GS_S6K2_fC18.avi,Sitdown,2,8,4
911,GS_S6K2_fC18.avi,Getup,2,12,4
912,GS_S6K2_fC18.avi,Sitdown,3,16,4
913,GS_S6K2_fC18.avi,Getup,3,20,4
914,GS_S7D2_fC13.avi,Sitdown,1,0,4
915,GS_S7D2_fC13.avi,Getup,1,4,4
916,GS_S7D2_fC13.avi,Sitdown,2,8,4
917,GS_S7D2_fC13.avi,Getup,2,12,4
918,GS_S7D2_fC13.avi,Sitdown,3,16,4
919,GS_S7D2_fC13.avi,Getup,3,20,4
920,GS_S7D2_fC14.avi,Sitdown,1,0,4
921,GS_S7D2_fC14.avi,Getup,1,4,4
922,GS_S7D2_fC14.avi,Sitdown,2,8,4
923,GS_S7D2_fC14.avi,Getup,2,12,4
924,GS_S7D2_fC14.avi,Sitdown,3,16,4
925,GS_S7D2_fC14.avi,Getup,3,20,4
926,GS_S7K2_fC17.avi,Sitdown,1,0,4
927,GS_S7K2_fC17.avi,Getup,1,4,4
928,GS_S7K2_fC17.avi,Sitdown,2,8,4
929,GS_S7K2_fC17.avi,Getup,2,12,4
930,GS_S7K2_fC17.avi,Sitdown,3,16,4
931,GS_S7K2_fC17.avi,Getup,3,20,4
932,GS_S7K2_fC18.avi,Sitdown,1,0,4
933,GS_S7K2_fC18.avi,Getup,1,4,4
934,GS_S7K2_fC18.avi,Sitdown,2,8,4
935,GS_S7K2_fC18.avi,Getup,2,12,4
936,GS_S7K2_fC18.avi,Sitdown,3,16,4
937,GS_S7K2_fC18.avi,Getup,3,20,4
938,GS_S8D2_fC13.avi,Sitdown,1,0,4
939,GS_S8D2_fC13.avi,Getup,1,4,4
940,GS_S8D2_fC13.avi,Sitdown,2,8,4
941,GS_S8D2_fC13.avi,Getup,2,12,4
942,GS_S8D2_fC13.avi,Sitdown,3,16,4
943,GS_S8D2_fC13.avi,Getup,3,20,4
944,GS_S8D2_fC14.avi,Sitdown,1,0,4
945,GS_S8D2_fC14.avi,Getup,1,4,4
946,GS_S8D2_fC14.avi,Sitdown,2,8,4
947,GS_S8D2_fC14.avi,Getup,2,12,4
948,GS_S8D2_fC14.avi,Sitdown,3,16,4
949,GS_S8D2_fC14.avi,Getup,3,20,4
950,GS_S8K2_fC17.avi,Sitdown,1,0,4
951,GS_S8K2_fC17.avi,Getup,1,4,4
952,GS_S8K2_fC17.avi,Sitdown,2,8,4
953,GS_S8K2_fC17.avi,Getup,2,12,4
954,GS_S8K2_fC17.avi,Sitdown,3,16,4
955,GS_S8K2_fC17.avi,Getup,3,20,4
956,GS_S8K2_fC18.avi,Sitdown,1,0,4
957,GS_S8K2_fC18.avi,Getup,1,4,4
958,GS_S8K2_fC18.avi,Sitdown,2,8,4
959,GS_S8K2_fC18.avi,Getup,2,12,4
960,GS_S8K2_fC18.avi,Sitdown,3,16,4
961,GS_S8K2_fC18.avi,Getup,3,20,4
962,GS_S1L2_m3.avi,Sitdown,1,0,4
963,GS_S1L2_m3.avi,Getup,1,4,4
964,GS_S1L2_m3.avi,Sitdown,2,8,4
965,GS_S1L2_m3.avi,Getup,2,12,4
966,GS_S1L2_m3.avi,Sitdown,3,16,4
967,GS_S1L2_m3.avi,Getup,3,20,4
968,GS_S1L2_m4.avi,Sitdown,1,0,4
969,GS_S1L2_m4.avi,Getup,1,4,4
970,GS_S1L2_m4.avi,Sitdown,2,8,4
971,GS_S1L2_m4.avi,Getup,2,12,4
972,GS_S1L2_m4.avi,Sitdown,3,16,4
973,GS_S1L2_m4.avi,Getup,3,20,4
974,GS_S2L2_m3.avi,Sitdown,1,0,4
975,GS_S2L2_m3.avi,Getup,1,4,4
976,GS_S2L2_m3.avi,Sitdown,2,8,4
977,GS_S2L2_m3.avi,Getup,2,12,4
978,GS_S2L2_m3.avi,Sitdown,3,16,4
979,GS_S2L2_m3.avi,Getup,3,20,4
980,GS_S2L2_m4.avi,Sitdown,1,0,4
981,GS_S2L2_m4.avi,Getup,1,4,4
982,GS_S2L2_m4.avi,Sitdown,2,8,4
983,GS_S2L2_m4.avi,Getup,2,12,4
984,GS_S2L2_m4.avi,Sitdown,3,16,4
985,GS_S2L2_m4.avi,Getup,3,20,4
986,GS_S3L2_m3.avi,Sitdown,1,0,4
987,GS_S3L2_m3.avi,Getup,1,4,4
988,GS_S3L2_m3.avi,Sitdown,2,8,4
989,GS_S3L2_m3.avi,Getup,2,12,4
990,GS_S3L2_m3.avi,Sitdown,3,16,4
991,GS_S3L2_m3.avi,Getup,3,20,4
992,GS_S3L2_m4.avi,Sitdown,1,0,4
993,GS_S3L2_m4.avi,Getup,1,4,4
994,GS_S3L2_m4.avi,Sitdown,2,8,4
995,GS_S3L2_m4.avi,Getup,2,12,4
996,GS_S3L2_m4.avi,Sitdown,3,16,4
997,GS_S3L2_m4.avi,Getup,3,20,4
998,GS_S4L2_m3.avi,Sitdown,1,0,4
999,GS_S4L2_m3.avi,Getup,1,4,4
1000,GS_S4L2_m3.avi,Sitdown,2,8,4
1001,GS_S4L2_m3.avi,Getup,2,12,4
1002,GS_S4L2_m3.avi,Sitdown,3,16,4
1003,GS_S4L2_m3.avi,Getup,3,20,4
1004,GS_S4L2_m4.avi,Sitdown,1,0,4
1005,GS_S4L2_m4.avi,Getup,1,4,4
1006,GS_S4L2_m4.avi,Sitdown,2,8,4
1007,GS_S4L2_m4.avi,Getup,2,12,4
1008,GS_S4L2_m4.avi,Sitdown,3,16,4
1009,GS_S4L2_m4.avi,Getup,3,20,4
1010,GS_S5L2_m3.avi,Sitdown,1,0,4
1011,GS_S5L2_m3.avi,Getup,1,4,4
1012,GS_S5L2_m3.avi,Sitdown,2,8,4
1013,GS_S5L2_m3.avi,Getup,2,12,4
1014,GS_S5L2_m3.avi,Sitdown,3,16,4
1015,GS_S5L2_m3.avi,Getup,3,20,4
1016,GS_S5L2_m4.avi,Sitdown,1,0,4
1017,GS_S5L2_m4.avi,Getup,1,4,4
1018,GS_S5L2_m4.avi,Sitdown,2,8,4
1019,GS_S5L2_m4.avi,Getup,2,12,4
1020,GS_S5L2_m4.avi,Sitdown,3,16,4
1021,GS_S5L2_m4.avi,Getup,3,20,4
1022,GS_S6L2_m3.avi,Sitdown,1,0,4
1023,GS_S6L2_m3.avi,Getup,1,4,4
1024,GS_S6L2_m3.avi,Sitdown,2,8,4
1025,GS_S6L2_m3.avi,Getup,2,12,4
1026,GS_S6L2_m3.avi,Sitdown,3,16,4
1027,GS_S6L2_m3.avi,Getup,3,20,4
1028,GS_S6L2_m4.avi,Sitdown,1,0,4
1029,GS_S6L2_m4.avi,Getup,1,4,4
1030,GS_S6L2_m4.avi,Sitdown,2,8,4
1031,GS_S6L2_m4.avi,Getup,2,12,4
1032,GS_S6L2_m4.avi,Sitdown,3,16,4
1033,GS_S6L2_m4.avi,Getup,3,20,4
1034,GS_S7L2_m3.avi,Sitdown,1,0,4
1035,GS_S7L2_m3.avi,Getup,1,4,4
1036,GS_S7L2_m3.avi,Sitdown,2,8,4
1037,GS_S7L2_m3.avi,Getup,2,12,4
1038,GS_S7L2_m3.avi,Sitdown,3,16,4
1039,GS_S7L2_m3.avi,Getup,3,20,4
1040,GS_S7L2_m4.avi,Sitdown,1,0,4
1041,GS_S7L2_m4.avi,Getup,1,4,4
1042,GS_S7L2_m4.avi,Sitdown,2,8,4
1043,GS_S7L2_m4.avi,Getup,2,12,4
1044,GS_S7L2_m4.avi,Sitdown,3,16,4
1045,GS_S7L2_m4.avi,Getup,3,20,4
1046,GS_S8L2_m3.avi,Sitdown,1,0,4
1047,GS_S8L2_m3.avi,Getup,1,4,4
1048,GS_S8L2_m3.avi,Sitdown,2,8,4
1049,GS_S8L2_m3.avi,Getup,2,12,4
1050,GS_S8L2_m3.avi,Sitdown,3,16,4
1051,GS_S8L2_m3.avi,Getup,3,20,4
1052,GS_S8L2_m4.avi,Sitdown,1,0,4
1053,GS_S8L2_m4.avi,Getup,1,4,4
1054,GS_S8L2_m4.avi,Sitdown,2,8,4
1055,GS_S8L2_m4.avi,Getup,2,12,4
1056,GS_S8L2_m4.avi,Sitdown,3,16,4
1057,GS_S8L2_m4.avi,Getup,3,20,4
