vid_id,chunk,label,pred1,pred2,pred3,pred4,pred5
UT_S8L1_m4,0,7,7,3,4,1,9
UT_S8L1_m4,1,7,7,4,3,1,9
UT_S8L1_m4,2,7,7,3,4,9,1
UT_S8L1_m4,3,7,7,4,3,9,1
UT_S8L1_m4,4,7,4,7,5,1,3
UT_S8L1_m4,5,7,7,4,5,1,3
UT_S8L1_m4,6,7,7,1,4,6,5
UT_S8L1_m4,7,7,7,1,4,6,3
UT_S8L1_m4,8,7,7,6,4,1,5
UT_S8L1_m4,9,7,7,6,4,3,1
UT_S8L1_m4,10,7,7,6,4,1,5
UT_S8L1_m4,11,7,7,4,1,5,6
UT_S8L1_m4,12,7,7,5,4,3,1
UT_S8K1_m4,0,7,7,2,5,3,6
UT_S8K1_m4,1,7,7,5,2,3,6
UT_S8K1_m4,2,7,7,2,6,3,5
UT_S8K1_m4,3,7,7,6,2,5,3
UT_S8K1_m4,4,7,7,6,1,5,2
UT_S8K1_m4,5,7,7,6,2,4,3
UT_S8K1_m4,6,7,7,4,5,6,3
UT_S8K1_m4,7,7,7,6,2,1,5
UT_S8K1_m4,8,7,7,2,4,6,1
UT_S8K1_m4,9,7,7,1,2,0,6
UT_S8K1_m4,10,7,1,2,7,0,3
UT_S8K1_m4,11,7,7,1,3,0,6
UT_S8K1_m4,12,7,7,6,4,1,2
UT_S8L2_m4,0,7,4,7,3,1,9
UT_S8L2_m4,1,7,7,4,3,1,9
UT_S8L2_m4,2,7,4,7,3,9,1
UT_S8L2_m4,3,7,7,4,5,3,1
UT_S8L2_m4,4,7,7,6,1,4,9
UT_S8L2_m4,5,7,7,6,5,9,1
UT_S8L2_m4,6,7,7,6,9,1,5
UT_S8L2_m4,7,7,7,4,1,9,6
UT_S8L2_m4,8,7,7,4,9,3,1
UT_S8L2_m4,9,7,7,4,6,5,1
UT_S8L2_m4,10,7,7,1,6,4,5
UT_S8L2_m4,11,7,7,5,4,6,1
UT_S8L2_m4,12,7,9,8,3,7,4
UT_S4K1_fC5,0,7,7,6,1,3,5
UT_S4K1_fC5,1,7,7,1,6,2,3
UT_S4K1_fC5,2,7,7,6,1,3,5
UT_S4K1_fC5,3,7,7,1,5,6,3
UT_S4K1_fC5,4,7,7,6,5,1,3
UT_S4K1_fC5,5,7,7,5,1,6,3
UT_S8D2_fC15,0,7,7,4,3,2,1
UT_S8D2_fC15,1,7,7,4,3,2,1
UT_S8D2_fC15,2,7,7,4,2,3,1
UT_S8D2_fC15,3,7,7,4,3,2,1
UT_S8D2_fC15,4,7,7,4,3,2,1
UT_S8D2_fC15,5,7,7,4,2,3,1
UT_S8L1_fC12,0,7,7,1,6,4,5
UT_S8L1_fC12,1,7,7,1,6,5,3
UT_S8L1_fC12,2,7,7,6,1,3,2
UT_S8L1_fC12,3,7,7,1,3,4,5
UT_S8L1_fC12,4,7,7,1,6,3,2
UT_S8L1_fC12,5,7,7,1,6,3,4
UT_S4L2_m4,0,7,7,3,6,4,1
UT_S4L2_m4,1,7,7,3,6,1,4
UT_S4L2_m4,2,7,7,6,4,1,5
UT_S4L2_m4,3,7,7,4,6,1,3
UT_S4L2_m4,4,7,7,4,6,3,2
UT_S4L2_m4,5,7,7,9,3,4,1
UT_S4L2_m4,6,7,7,9,4,3,1
UT_S4L2_m4,7,7,9,7,4,3,1
UT_S4L2_m4,8,7,7,8,9,3,1
UT_S4L2_m4,9,7,7,8,9,3,4
UT_S4L2_m4,10,7,7,8,9,3,4
UT_S4L2_m4,11,7,9,4,7,3,1
UT_S4L2_m4,12,7,4,7,3,9,1
UT_S8K2_fC20,0,7,7,3,5,4,6
UT_S8K2_fC20,1,7,7,3,6,5,4
UT_S8K2_fC20,2,7,7,3,5,6,4
UT_S8K2_fC20,3,7,7,3,5,4,6
UT_S8K2_fC20,4,7,7,5,3,4,6
UT_S8K2_fC20,5,7,7,3,4,6,5
UT_S4L1_fC9,0,7,7,6,3,4,1
UT_S4L1_fC9,1,7,7,3,6,1,9
UT_S4L1_fC9,2,7,7,6,3,1,9
UT_S4L1_fC9,3,7,7,6,3,1,4
UT_S4L1_fC9,4,7,7,3,6,9,1
UT_S4L1_fC9,5,7,7,3,6,4,1
UT_S8D2_fC13,0,7,7,4,1,3,2
UT_S8D2_fC13,1,7,7,4,3,2,1
UT_S8D2_fC13,2,7,7,4,3,1,2
UT_S8D2_fC13,3,7,7,4,1,3,2
UT_S8D2_fC13,4,7,7,4,3,2,1
UT_S8D2_fC13,5,7,7,4,1,3,2
UT_S4K2_fC18,0,7,5,7,1,2,6
UT_S4K2_fC18,1,7,7,5,6,2,4
UT_S4K2_fC18,2,7,5,7,6,1,3
UT_S4K2_fC18,3,7,5,7,6,3,1
UT_S4K2_fC18,4,7,5,7,4,2,3
UT_S4K2_fC18,5,7,5,7,6,3,9
UT_S4L1_m4,0,7,7,9,4,3,1
UT_S4L1_m4,1,7,7,4,1,9,3
UT_S4L1_m4,2,7,7,9,4,3,1
UT_S4L1_m4,3,7,7,9,4,1,3
UT_S4L1_m4,4,7,7,4,5,1,6
UT_S4L1_m4,5,7,7,4,5,1,6
UT_S4L1_m4,6,7,7,1,4,5,6
UT_S4L1_m4,7,7,7,5,4,1,6
UT_S4L1_m4,8,7,7,1,4,3,6
UT_S4L1_m4,9,7,7,1,6,3,4
UT_S4L1_m4,10,7,7,4,3,1,6
UT_S4L1_m4,11,7,7,1,5,6,4
UT_S4L1_m4,12,7,7,4,1,5,6
UT_S8K2_fC18,0,7,7,5,3,4,6
UT_S8K2_fC18,1,7,7,5,3,1,6
UT_S8K2_fC18,2,7,7,5,3,4,6
UT_S8K2_fC18,3,7,7,5,3,4,6
UT_S8K2_fC18,4,7,7,5,3,4,1
UT_S8K2_fC18,5,7,7,5,3,4,6
UT_S4D1_m4,0,7,3,7,5,8,9
UT_S4D1_m4,1,7,7,3,1,5,8
UT_S4D1_m4,2,7,7,2,6,1,5
UT_S4D1_m4,3,7,7,5,1,6,2
UT_S4D1_m4,4,7,7,5,2,1,6
UT_S4D1_m4,5,7,7,5,2,6,1
UT_S4D1_m4,6,7,7,1,5,3,4
UT_S4D1_m4,7,7,7,6,5,1,9
UT_S4D1_m4,8,7,7,1,6,2,4
UT_S4D1_m4,9,7,7,3,8,5,1
UT_S4D1_m4,10,7,7,3,8,5,9
UT_S4D1_m4,11,7,3,7,8,5,9
UT_S4D1_m4,12,7,3,7,8,5,9
UT_S8D2_m4,0,7,7,5,2,1,6
UT_S8D2_m4,1,7,7,5,2,6,1
UT_S8D2_m4,2,7,7,5,6,1,2
UT_S8D2_m4,3,7,7,5,6,1,2
UT_S8D2_m4,4,7,7,2,6,1,4
UT_S8D2_m4,5,7,7,1,2,4,6
UT_S8D2_m4,6,7,7,6,2,1,5
UT_S8D2_m4,7,7,7,3,2,6,4
UT_S8D2_m4,8,7,7,3,2,4,6
UT_S8D2_m4,9,7,7,5,6,2,1
UT_S8D2_m4,10,7,7,5,6,2,1
UT_S8D2_m4,11,7,5,7,4,2,6
UT_S8D2_m4,12,7,5,7,6,1,2
UT_S8D1_m4,0,7,7,4,1,8,3
UT_S8D1_m4,1,7,7,4,8,1,3
UT_S8D1_m4,2,7,7,5,6,2,1
UT_S8D1_m4,3,7,7,5,6,0,1
UT_S8D1_m4,4,7,7,5,6,2,1
UT_S8D1_m4,5,7,7,5,6,1,2
UT_S8D1_m4,6,7,7,5,1,4,3
UT_S8D1_m4,7,7,7,5,8,4,2
UT_S8D1_m4,8,7,7,8,5,3,1
UT_S8D1_m4,9,7,7,1,5,2,8
UT_S8D1_m4,10,7,7,5,8,1,2
UT_S8D1_m4,11,7,7,5,8,6,3
UT_S8D1_m4,12,7,7,5,1,4,3
UT_S4K1_m4,0,7,7,6,2,1,3
UT_S4K1_m4,1,7,7,6,2,1,0
UT_S4K1_m4,2,7,7,6,1,2,5
UT_S4K1_m4,3,7,7,1,6,2,4
UT_S4K1_m4,4,7,7,5,6,4,2
UT_S4K1_m4,5,7,7,5,6,2,1
UT_S4K1_m4,6,7,7,6,5,1,2
UT_S4K1_m4,7,7,7,6,5,1,3
UT_S4K1_m4,8,7,7,6,5,1,2
UT_S4K1_m4,9,7,7,6,2,1,5
UT_S4K1_m4,10,7,7,2,3,6,0
UT_S4K1_m4,11,7,7,3,4,0,2
UT_S4K1_m4,12,7,7,6,2,1,5
UT_S4D2_fC15,0,7,7,4,3,1,2
UT_S4D2_fC15,1,7,7,4,3,2,1
UT_S4D2_fC15,2,7,7,3,4,6,1
UT_S4D2_fC15,3,7,7,3,4,6,8
UT_S4D2_fC15,4,7,7,4,3,2,1
UT_S4D2_fC15,5,7,7,4,3,2,1
UT_S4D1_fC1,0,7,7,8,5,3,1
UT_S4D1_fC1,1,7,7,1,5,8,2
UT_S4D1_fC1,2,7,7,1,8,2,4
UT_S4D1_fC1,3,7,7,4,8,1,5
UT_S4D1_fC1,4,7,7,1,4,3,8
UT_S4D1_fC1,5,7,7,1,8,2,3
UT_S8K2_m4,0,7,7,5,2,6,1
UT_S8K2_m4,1,7,7,5,2,6,1
UT_S8K2_m4,2,7,7,3,9,5,6
UT_S8K2_m4,3,7,7,3,5,8,9
UT_S8K2_m4,4,7,7,3,9,5,8
UT_S8K2_m4,5,7,7,3,5,9,6
UT_S8K2_m4,6,7,7,5,4,3,6
UT_S8K2_m4,7,7,7,3,5,1,4
UT_S8K2_m4,8,7,7,3,5,1,9
UT_S8K2_m4,9,7,7,3,4,1,5
UT_S8K2_m4,10,7,7,3,4,5,1
UT_S8K2_m4,11,7,7,3,5,9,6
UT_S8K2_m4,12,7,7,5,6,2,4
UT_S4D2_fC13,0,7,7,2,4,6,3
UT_S4D2_fC13,1,7,7,2,6,4,3
UT_S4D2_fC13,2,7,7,2,6,4,3
UT_S4D2_fC13,3,7,7,2,6,4,3
UT_S4D2_fC13,4,7,7,4,2,6,3
UT_S4D2_fC13,5,7,7,3,2,6,1
UT_S8K1_fC8,0,7,7,6,0,2,3
UT_S8K1_fC8,1,7,7,0,6,3,2
UT_S8K1_fC8,2,7,7,0,6,3,2
UT_S8K1_fC8,3,7,7,0,3,6,2
UT_S8K1_fC8,4,7,7,3,0,6,2
UT_S8K1_fC8,5,7,7,0,3,4,2
UT_S8L1_fC10,0,7,7,3,1,4,9
UT_S8L1_fC10,1,7,7,3,4,1,9
UT_S8L1_fC10,2,7,7,3,4,1,9
UT_S8L1_fC10,3,7,7,3,1,4,9
UT_S8L1_fC10,4,7,7,3,4,1,9
UT_S8L1_fC10,5,7,7,4,3,1,9
UT_S4L1_fC11,0,7,7,1,4,6,3
UT_S4L1_fC11,1,7,1,7,4,6,3
UT_S4L1_fC11,2,7,7,1,4,3,6
UT_S4L1_fC11,3,7,7,1,4,6,3
UT_S4L1_fC11,4,7,1,7,4,6,3
UT_S4L1_fC11,5,7,7,1,4,6,5
UT_S4D2_m4,0,7,7,2,3,6,1
UT_S4D2_m4,1,7,7,2,6,3,1
UT_S4D2_m4,2,7,7,6,2,4,3
UT_S4D2_m4,3,7,7,2,6,3,4
UT_S4D2_m4,4,7,7,3,2,6,4
UT_S4D2_m4,5,7,2,7,3,6,1
UT_S4D2_m4,6,7,7,6,2,1,3
UT_S4D2_m4,7,7,7,6,4,1,2
UT_S4D2_m4,8,7,7,2,1,4,6
UT_S4D2_m4,9,7,7,4,2,3,6
UT_S4D2_m4,10,7,7,2,4,3,6
UT_S4D2_m4,11,7,7,2,6,4,1
UT_S4D2_m4,12,7,7,2,6,4,5
UT_S8L2_fC24,0,7,4,7,6,9,1
UT_S8L2_fC24,1,7,7,4,6,1,9
UT_S8L2_fC24,2,7,4,7,9,3,5
UT_S8L2_fC24,3,7,7,4,9,6,5
UT_S8L2_fC24,4,7,7,4,9,6,5
UT_S8L2_fC24,5,7,4,7,5,9,6
UT_S4L2_fC22,0,7,7,4,9,8,1
UT_S4L2_fC22,1,7,7,4,9,3,1
UT_S4L2_fC22,2,7,7,9,4,1,8
UT_S4L2_fC22,3,7,7,9,4,1,8
UT_S4L2_fC22,4,7,7,4,9,1,3
UT_S4L2_fC22,5,7,7,9,4,1,8
UT_S8L2_fC22,0,7,3,4,7,5,1
UT_S8L2_fC22,1,7,7,3,4,1,8
UT_S8L2_fC22,2,7,7,3,1,4,8
UT_S8L2_fC22,3,7,7,1,3,4,8
UT_S8L2_fC22,4,7,7,1,4,3,8
UT_S8L2_fC22,5,7,7,1,3,4,8
UT_S4D1_fC3,0,7,7,5,3,8,6
UT_S4D1_fC3,1,7,7,6,8,3,5
UT_S4D1_fC3,2,7,7,8,5,6,1
UT_S4D1_fC3,3,7,7,6,8,3,5
UT_S4D1_fC3,4,7,7,8,3,6,5
UT_S4D1_fC3,5,7,7,6,8,5,3
UT_S4L2_fC24,0,7,7,9,4,3,1
UT_S4L2_fC24,1,7,7,9,4,3,1
UT_S4L2_fC24,2,7,7,9,4,3,1
UT_S4L2_fC24,3,7,7,4,9,3,6
UT_S4L2_fC24,4,7,7,9,4,3,8
UT_S4L2_fC24,5,7,7,9,4,3,1
UT_S4K2_m4,0,7,7,6,1,5,2
UT_S4K2_m4,1,7,7,6,4,1,2
UT_S4K2_m4,2,7,7,6,5,1,4
UT_S4K2_m4,3,7,7,6,5,2,3
UT_S4K2_m4,4,7,7,4,3,2,6
UT_S4K2_m4,5,7,7,3,6,2,5
UT_S4K2_m4,6,7,7,3,6,2,5
UT_S4K2_m4,7,7,7,4,3,5,6
UT_S4K2_m4,8,7,7,2,5,3,1
UT_S4K2_m4,9,7,7,3,6,2,4
UT_S4K2_m4,10,7,7,3,5,4,6
UT_S4K2_m4,11,7,7,4,6,3,2
UT_S4K2_m4,12,7,7,5,2,6,1
UT_S4K2_fC20,0,7,7,5,6,1,3
UT_S4K2_fC20,1,7,7,5,6,1,3
UT_S4K2_fC20,2,7,7,5,6,1,3
UT_S4K2_fC20,3,7,7,5,6,1,3
UT_S4K2_fC20,4,7,7,5,6,1,3
UT_S4K2_fC20,5,7,7,5,6,1,4
UT_S8D1_fC3,0,7,7,1,6,5,2
UT_S8D1_fC3,1,7,7,6,2,5,1
UT_S8D1_fC3,2,7,7,6,1,5,2
UT_S8D1_fC3,3,7,7,1,6,5,2
UT_S8D1_fC3,4,7,7,1,3,5,6
UT_S8D1_fC3,5,7,7,1,6,3,2
UT_S8D1_fC1,0,7,7,8,3,4,1
UT_S8D1_fC1,1,7,7,8,3,4,1
UT_S8D1_fC1,2,7,7,3,8,1,4
UT_S8D1_fC1,3,7,7,1,8,3,4
UT_S8D1_fC1,4,7,7,8,3,4,1
UT_S8D1_fC1,5,7,7,3,1,8,4
UT_S8K1_fC6,0,7,7,1,0,3,2
UT_S8K1_fC6,1,7,7,1,3,0,2
UT_S8K1_fC6,2,7,7,1,2,0,4
UT_S8K1_fC6,3,7,7,1,0,4,3
UT_S8K1_fC6,4,7,7,1,0,3,2
UT_S8K1_fC6,5,7,7,1,0,3,4
UT_S4K1_fC7,0,7,7,4,5,3,1
UT_S4K1_fC7,1,7,7,2,5,6,1
UT_S4K1_fC7,2,7,7,5,6,3,2
UT_S4K1_fC7,3,7,7,5,4,3,6
UT_S4K1_fC7,4,7,7,5,6,3,2
UT_S4K1_fC7,5,7,7,5,2,6,1
Ea_S4D2_m5,0,2,2,7,1,3,6
Ea_S4D2_m5,1,2,4,3,2,7,1
Ea_S4D2_m5,2,2,2,4,7,3,5
Ea_S4D2_m5,3,2,4,2,7,3,1
Ea_S4D2_m5,4,2,4,3,2,7,1
Ea_S4D2_m5,5,2,2,4,3,7,1
Ea_S4D2_m5,6,2,2,7,1,4,6
Ea_S4D2_m5,7,2,2,7,3,4,1
Ea_S4D2_m5,8,2,2,7,3,4,1
Ea_S4D2_m5,9,2,2,3,7,6,4
Ea_S4D2_m5,10,2,2,3,7,6,9
Ea_S4D2_m5,11,2,2,6,7,3,1
Ea_S4D2_m5,12,2,2,3,7,6,1
Ea_S4D2_m5,13,2,2,7,3,6,1
Ea_S4D2_m5,14,2,2,7,3,6,4
Ea_S4D2_m5,15,2,2,3,6,7,1
Ea_S8D1_fC2,0,2,2,5,1,6,0
Ea_S8D1_fC2,1,2,2,1,5,7,3
Ea_S8D1_fC2,2,2,2,1,6,5,7
Ea_S8D1_fC2,3,2,2,5,0,1,3
Ea_S8D1_fC2,4,2,2,1,7,5,3
Ea_S8D1_fC2,5,2,2,3,5,6,0
Ea_S8D1_fC2,6,2,2,5,1,0,7
Ea_S8D1_fC2,7,2,2,5,3,0,6
Ea_S8D1_fC2,8,2,2,3,5,0,6
Ea_S8D1_fC2,9,2,2,5,3,1,0
Ea_S8D1_fC2,10,2,2,5,1,0,6
Ea_S8D1_fC2,11,2,2,1,6,5,3
Ea_S8D1_fC2,12,2,2,0,5,7,1
Ea_S8D1_fC2,13,2,2,1,7,5,3
Ea_S8D1_fC2,14,2,2,5,1,0,6
Ea_S8D1_fC4,0,2,2,8,7,0,9
Ea_S8D1_fC4,1,2,2,7,8,9,5
Ea_S8D1_fC4,2,2,2,8,7,9,1
Ea_S8D1_fC4,3,2,2,8,7,9,1
Ea_S8D1_fC4,4,2,2,8,9,7,1
Ea_S8D1_fC4,5,2,2,8,7,9,1
Ea_S8D1_fC4,6,2,2,8,7,9,5
Ea_S8D1_fC4,7,2,2,8,7,9,5
Ea_S8D1_fC4,8,2,2,8,7,9,5
Ea_S8D1_fC4,9,2,2,8,7,9,4
Ea_S8D1_fC4,10,2,8,2,7,9,5
Ea_S8D1_fC4,11,2,2,8,7,9,4
Ea_S8D1_fC4,12,2,2,8,7,9,5
Ea_S8D1_fC4,13,2,8,2,7,9,5
Ea_S4K1_m5,0,2,2,6,1,7,5
Ea_S4K1_m5,1,2,2,1,6,7,3
Ea_S4K1_m5,2,2,2,1,6,7,5
Ea_S4K1_m5,3,2,2,6,1,7,0
Ea_S4K1_m5,4,2,2,1,6,7,3
Ea_S4K1_m5,5,2,2,6,1,7,3
Ea_S4K1_m5,6,2,2,1,7,4,6
Ea_S4K1_m5,7,2,2,1,6,7,0
Ea_S4K1_m5,8,2,2,7,1,5,0
Ea_S4K1_m5,9,2,2,7,1,5,0
Ea_S4K1_m5,10,2,2,1,7,0,6
Ea_S4K1_m5,11,2,2,1,0,7,5
Ea_S4K1_m5,12,2,2,1,6,7,0
Ea_S4K1_m5,13,2,2,1,7,3,4
Ea_S4K1_m5,14,2,2,1,6,7,3
Ea_S8D1_fC1,0,2,2,1,7,6,3
Ea_S8D1_fC1,1,2,2,7,1,3,6
Ea_S8D1_fC1,2,2,2,7,1,6,3
Ea_S8D1_fC1,3,2,2,7,1,6,4
Ea_S8D1_fC1,4,2,2,7,1,6,4
Ea_S8D1_fC1,5,2,2,1,7,3,5
Ea_S8D1_fC1,6,2,2,5,3,7,1
Ea_S8D1_fC1,7,2,2,7,1,3,5
Ea_S8D1_fC1,8,2,2,6,7,1,3
Ea_S8D1_fC1,9,2,2,7,6,1,3
Ea_S8D1_fC1,10,2,2,1,7,5,6
Ea_S4D2_m4,0,2,2,1,6,7,5
Ea_S4D2_m4,1,2,2,7,1,6,5
Ea_S4D2_m4,2,2,2,7,1,6,0
Ea_S4D2_m4,3,2,2,7,3,6,4
Ea_S4D2_m4,4,2,2,7,6,3,4
Ea_S4D2_m4,5,2,2,7,6,3,4
Ea_S4D2_m4,6,2,2,7,6,3,4
Ea_S4D2_m4,7,2,2,3,4,7,6
Ea_S4D2_m4,8,2,2,1,4,7,3
Ea_S4D2_m4,9,2,2,3,4,7,1
Ea_S4D2_m4,10,2,2,7,6,5,1
Ea_S4D2_m4,11,2,2,1,6,0,5
Ea_S4D2_m4,12,2,2,1,6,7,0
Ea_S4D2_m4,13,2,2,4,7,1,6
Ea_S4D2_m4,14,2,2,7,6,1,0
Ea_S4D2_m4,15,2,2,7,6,1,0
Ea_S4D2_m4,16,2,2,7,6,5,0
Ea_S8D2_m5,0,2,2,1,7,6,5
Ea_S8D2_m5,1,2,2,7,1,6,0
Ea_S8D2_m5,2,2,2,1,7,5,6
Ea_S8D2_m5,3,2,7,2,4,3,6
Ea_S8D2_m5,4,2,2,7,4,3,6
Ea_S8D2_m5,5,2,2,7,4,6,3
Ea_S8D2_m5,6,2,2,7,6,3,4
Ea_S8D2_m5,7,2,2,7,3,6,4
Ea_S8D2_m5,8,2,2,1,4,6,7
Ea_S8D2_m5,9,2,2,1,4,7,6
Ea_S8D2_m5,10,2,2,7,3,4,6
Ea_S8D2_m5,11,2,2,7,3,4,6
Ea_S8D2_m5,12,2,2,7,6,4,1
Ea_S4D1_fC1,0,2,2,5,1,3,7
Ea_S4D1_fC1,1,2,2,5,3,1,8
Ea_S4D1_fC1,2,2,2,5,1,3,6
Ea_S4D1_fC1,3,2,2,5,7,6,1
Ea_S4D1_fC1,4,2,2,5,3,1,7
Ea_S4D1_fC1,5,2,2,5,1,6,7
Ea_S4D1_fC1,6,2,2,3,5,1,8
Ea_S4D1_fC1,7,2,2,1,5,3,6
Ea_S4D1_fC1,8,2,2,5,1,3,7
Ea_S4D1_fC1,9,2,2,3,5,7,4
Ea_S4D1_fC1,10,2,2,5,4,3,7
Ea_S4D1_fC1,11,2,2,3,5,1,8
Ea_S4D1_fC1,12,2,2,3,1,5,7
Ea_S8D2_m3,0,2,2,3,7,4,9
Ea_S8D2_m3,1,2,3,2,7,4,9
Ea_S8D2_m3,2,2,2,3,7,4,9
Ea_S8D2_m3,3,2,2,7,6,3,5
Ea_S8D2_m3,4,2,2,7,6,3,1
Ea_S8D2_m3,5,2,2,7,1,6,3
Ea_S8D2_m3,6,2,2,3,1,7,6
Ea_S8D2_m3,7,2,2,7,6,3,1
Ea_S8D2_m3,8,2,2,7,6,3,1
Ea_S8D2_m3,9,2,2,7,6,3,4
Ea_S8D2_m3,10,2,2,7,6,3,5
Ea_S8D2_m3,11,2,2,3,7,4,1
Ea_S8D2_m3,12,2,2,3,7,4,9
Ea_S4K2_m3,0,2,2,9,5,3,7
Ea_S4K2_m3,1,2,2,9,7,3,5
Ea_S4K2_m3,2,2,2,9,3,7,5
Ea_S4K2_m3,3,2,2,1,6,5,9
Ea_S4K2_m3,4,2,2,6,1,5,0
Ea_S4K2_m3,5,2,2,1,5,6,0
Ea_S4K2_m3,6,2,2,5,6,7,4
Ea_S4K2_m3,7,2,2,5,7,4,6
Ea_S4K2_m3,8,2,2,5,6,4,7
Ea_S4K2_m3,9,2,2,5,6,1,3
Ea_S4K2_m3,10,2,2,1,5,3,6
Ea_S4K2_m3,11,2,2,9,7,0,3
Ea_S4K2_m3,12,2,2,9,7,3,5
Ea_S4K2_m3,13,2,2,9,7,3,5
Ea_S4K2_m3,14,2,2,9,5,6,1
Ea_S4K2_m3,15,2,2,6,5,1,7
Ea_S4D1_fC2,0,2,2,7,6,1,5
Ea_S4D1_fC2,1,2,2,7,4,1,8
Ea_S4D1_fC2,2,2,2,7,4,1,6
Ea_S4D1_fC2,3,2,2,7,4,1,6
Ea_S4D1_fC2,4,2,2,7,4,1,6
Ea_S4D1_fC2,5,2,2,5,7,4,1
Ea_S4D1_fC2,6,2,2,7,4,5,6
Ea_S4D1_fC2,7,2,2,7,6,1,4
Ea_S4D1_fC2,8,2,2,7,1,4,5
Ea_S4D1_fC2,9,2,2,7,4,1,8
Ea_S4D1_fC2,10,2,2,7,4,1,5
Ea_S4D1_fC2,11,2,2,7,4,1,5
Ea_S4D1_fC2,12,2,2,4,7,1,5
Ea_S4D1_fC2,13,2,2,7,4,5,6
Ea_S8D1_fC3,0,2,2,1,0,6,7
Ea_S8D1_fC3,1,2,2,1,7,0,6
Ea_S8D1_fC3,2,2,2,0,1,6,7
Ea_S8D1_fC3,3,2,2,1,7,0,6
Ea_S8D1_fC3,4,2,2,1,7,0,6
Ea_S8D1_fC3,5,2,2,1,7,0,6
Ea_S8D1_fC3,6,2,2,1,7,0,6
Ea_S8D1_fC3,7,2,2,1,7,0,6
Ea_S8D1_fC3,8,2,2,1,7,0,6
Ea_S8D1_fC3,9,2,2,1,7,0,6
Ea_S8D1_fC3,10,2,2,7,0,1,6
Ea_S8D1_fC3,11,2,2,1,7,0,6
Ea_S8D1_fC3,12,2,2,1,7,6,0
Ea_S8D1_fC3,13,2,2,1,7,6,0
Ea_S4D1_fC3,0,2,2,7,1,5,6
Ea_S4D1_fC3,1,2,2,7,1,5,6
Ea_S4D1_fC3,2,2,2,7,1,8,5
Ea_S4D1_fC3,3,2,2,1,7,6,5
Ea_S4D1_fC3,4,2,2,7,6,1,3
Ea_S4D1_fC3,5,2,2,7,1,5,6
Ea_S4D1_fC3,6,2,2,7,1,5,4
Ea_S4D1_fC3,7,2,2,7,6,3,1
Ea_S4D1_fC3,8,2,2,7,1,5,4
Ea_S4D1_fC3,9,2,2,7,1,6,5
Ea_S4D1_fC3,10,2,2,7,1,5,6
Ea_S4D1_fC3,11,2,2,7,1,5,4
Ea_S4D1_fC3,12,2,2,7,1,6,5
Ea_S4D1_fC3,13,2,2,7,1,5,6
Ea_S4D1_fC3,14,2,2,1,7,5,6
Ea_S4K2_m5,0,2,2,7,4,6,1
Ea_S4K2_m5,1,2,2,4,7,1,3
Ea_S4K2_m5,2,2,2,7,4,1,6
Ea_S4K2_m5,3,2,2,5,6,7,4
Ea_S4K2_m5,4,2,2,1,6,7,5
Ea_S4K2_m5,5,2,2,4,6,5,1
Ea_S4K2_m5,6,2,7,2,3,1,6
Ea_S4K2_m5,7,2,7,3,2,6,4
Ea_S4K2_m5,8,2,3,7,6,2,4
Ea_S4K2_m5,9,2,7,3,1,2,5
Ea_S4K2_m5,10,2,4,7,3,2,6
Ea_S4K2_m5,11,2,2,3,4,7,6
Ea_S4K2_m5,12,2,2,4,3,7,6
Ea_S4K2_m5,13,2,2,4,7,3,6
Ea_S4K2_m5,14,2,2,1,5,7,0
Ea_S4K2_m5,15,2,2,5,7,0,6
Ea_S4K2_m5,16,2,2,7,4,6,3
Ea_S8K2_m2,0,2,4,2,3,1,6
Ea_S8K2_m2,1,2,2,5,1,7,3
Ea_S8K2_m2,2,2,2,5,1,7,3
Ea_S8K2_m2,3,2,2,5,1,7,3
Ea_S8K2_m2,4,2,2,4,1,6,9
Ea_S8K2_m2,5,2,4,2,3,7,9
Ea_S8K2_m2,6,2,2,5,1,4,6
Ea_S8K2_m2,7,2,2,1,6,7,5
Ea_S8K2_m2,8,2,2,4,3,7,1
Ea_S8K2_m2,9,2,2,4,1,3,5
Ea_S8K2_m2,10,2,2,4,3,7,9
Ea_S8K2_m2,11,2,2,4,3,1,6
Ea_S8K2_m2,12,2,2,4,1,6,9
Ea_S8K2_m2,13,2,2,6,5,1,7
Ea_S8K2_m2,14,2,2,5,1,3,6
Ea_S8K2_m2,15,2,2,5,1,6,7
Ea_S8K2_m2,16,2,2,4,3,6,1
Ea_S8D2_m4,0,2,2,7,1,3,4
Ea_S8D2_m4,1,2,2,7,5,1,6
Ea_S8D2_m4,2,2,2,6,1,7,5
Ea_S8D2_m4,3,2,2,1,4,7,6
Ea_S8D2_m4,4,2,2,1,7,6,4
Ea_S8D2_m4,5,2,2,1,7,6,5
Ea_S8D2_m4,6,2,2,1,7,3,6
Ea_S8D2_m4,7,2,2,7,1,3,6
Ea_S8D2_m4,8,2,2,7,6,4,1
Ea_S8D2_m4,9,2,2,9,7,3,1
Ea_S8D2_m4,10,2,2,7,1,3,6
Ea_S8D2_m4,11,2,2,3,4,6,7
Ea_S8D2_m4,12,2,2,7,4,1,3
Ea_S4D1_fC4,0,2,2,1,7,5,6
Ea_S4D1_fC4,1,2,2,7,1,5,3
Ea_S4D1_fC4,2,2,2,1,7,5,8
Ea_S4D1_fC4,3,2,2,1,7,5,6
Ea_S4D1_fC4,4,2,2,1,7,5,8
Ea_S4D1_fC4,5,2,2,1,7,8,5
Ea_S4D1_fC4,6,2,2,1,7,5,6
Ea_S4D1_fC4,7,2,2,1,7,6,5
Ea_S4D1_fC4,8,2,2,7,5,1,6
Ea_S4D1_fC4,9,2,2,1,7,5,3
Ea_S4D1_fC4,10,2,2,1,7,5,6
Ea_S4D1_fC4,11,2,2,1,7,5,8
Ea_S4D1_fC4,12,2,2,1,7,5,8
Ea_S4D1_fC4,13,2,2,1,7,5,8
Ea_S4D1_fC4,14,2,2,1,7,5,8
Ea_S4D1_fC4,15,2,2,1,7,5,8
Ea_S4D1_fC4,16,2,2,1,3,6,7
Ea_S8K1_m5,0,2,2,5,0,3,7
Ea_S8K1_m5,1,2,2,0,7,5,1
Ea_S8K1_m5,2,2,2,0,5,7,3
Ea_S8K1_m5,3,2,2,7,0,5,1
Ea_S8K1_m5,4,2,2,7,1,6,0
Ea_S8K1_m5,5,2,2,4,1,7,3
Ea_S8K1_m5,6,2,2,1,6,4,7
Ea_S8K1_m5,7,2,2,1,7,6,0
Ea_S8K1_m5,8,2,2,1,0,7,6
Ea_S8K1_m5,9,2,2,1,7,6,0
Ea_S8K1_m5,10,2,5,7,2,4,3
Ea_S8K1_m5,11,2,7,5,3,4,2
Ea_S8K1_m5,12,2,1,7,2,5,6
Ea_S8K1_m5,13,2,2,1,7,0,6
Ea_S8K1_m5,14,2,2,1,0,6,7
Ea_S8K1_m5,15,2,2,1,0,7,6
Ea_S8K1_m5,16,2,2,1,6,7,4
Ea_S8K2_m5,0,2,2,3,5,4,1
Ea_S8K2_m5,1,2,2,5,1,3,4
Ea_S8K2_m5,2,2,2,4,5,7,3
Ea_S8K2_m5,3,2,2,4,1,3,5
Ea_S8K2_m5,4,2,2,5,4,7,1
Ea_S8K2_m5,5,2,2,5,1,4,7
Ea_S8K2_m5,6,2,2,4,6,7,3
Ea_S8K2_m5,7,2,2,1,6,7,4
Ea_S8K2_m5,8,2,2,1,4,7,5
Ea_S8K2_m5,9,2,2,1,5,4,7
Ea_S8K2_m5,10,2,2,7,5,1,3
Ea_S4D2_fC14,0,2,2,7,1,3,4
Ea_S4D2_fC14,1,2,2,1,7,3,4
Ea_S4D2_fC14,2,2,2,3,7,8,1
Ea_S4D2_fC14,3,2,2,7,1,3,5
Ea_S4D2_fC14,4,2,2,7,3,1,8
Ea_S4D2_fC14,5,2,2,3,7,1,4
Ea_S4D2_fC14,6,2,2,3,1,7,4
Ea_S4D2_fC14,7,2,2,3,1,4,7
Ea_S4D2_fC14,8,2,2,1,7,3,4
Ea_S4D2_fC14,9,2,2,1,5,3,7
Ea_S4D2_fC14,10,2,2,3,7,1,4
Ea_S4D2_fC14,11,2,2,7,1,3,4
Ea_S4D2_fC14,12,2,2,3,7,1,4
Ea_S4D2_fC14,13,2,2,1,3,7,4
Ea_S4D2_m3,0,2,2,7,3,1,5
Ea_S4D2_m3,1,2,2,7,5,4,6
Ea_S4D2_m3,2,2,2,3,6,4,1
Ea_S4D2_m3,3,2,2,7,6,4,1
Ea_S4D2_m3,4,2,2,4,7,3,6
Ea_S4D2_m3,5,2,2,4,6,7,1
Ea_S4D2_m3,6,2,2,7,4,3,6
Ea_S4D2_m3,7,2,2,7,1,5,3
Ea_S4D2_m3,8,2,2,7,4,3,1
Ea_S4D2_m3,9,2,2,4,3,6,1
Ea_S4D2_m3,10,2,2,4,1,6,7
Ea_S4D2_m3,11,2,2,6,7,4,1
Ea_S4D2_m3,12,2,2,4,7,3,6
Ea_S8D2_fC13,0,2,2,7,4,3,1
Ea_S8D2_fC13,1,2,2,3,4,7,1
Ea_S8D2_fC13,2,2,2,4,3,7,1
Ea_S8D2_fC13,3,2,2,1,4,7,3
Ea_S8D2_fC13,4,2,2,7,4,3,0
Ea_S8D2_fC13,5,2,2,4,7,3,1
Ea_S8D2_fC13,6,2,2,7,1,4,3
Ea_S8D2_fC13,7,2,2,7,4,3,6
Ea_S8D2_fC13,8,2,2,3,4,7,0
Ea_S8D2_fC13,9,2,2,7,4,3,1
Ea_S8D2_fC13,10,2,2,7,4,3,0
Ea_S8D2_fC13,11,2,2,4,3,7,0
Ea_S8D2_fC13,12,2,2,7,4,3,6
Ea_S8D2_fC13,13,2,2,7,4,3,0
Ea_S8D2_fC13,14,2,2,4,7,3,1
Ea_S8D2_fC13,15,2,4,2,1,7,3
Ea_S8D2_fC13,16,2,2,4,7,3,1
Dr_S8D2_fC16,0,1,2,1,3,6,4
Dr_S8D2_fC16,1,1,2,1,3,6,4
Dr_S8D2_fC16,2,1,2,3,4,1,6
Dr_S8D2_fC16,3,1,1,2,3,6,4
Dr_S8D2_fC16,4,1,2,3,1,4,6
Dr_S8D2_fC16,5,1,2,3,1,6,4
Dr_S4K2_fC20,0,1,1,0,5,6,2
Dr_S4K2_fC20,1,1,1,0,5,7,6
Dr_S4K2_fC20,2,1,1,0,5,6,7
Dr_S4K2_fC20,3,1,1,0,2,6,7
Dr_S4K2_fC20,4,1,1,0,5,2,6
Dr_S4K2_fC20,5,1,1,0,7,2,3
Dr_S8L1_m4,0,1,1,6,7,2,0
Dr_S8L1_m4,1,1,1,2,6,5,7
Dr_S8L1_m4,2,1,1,4,7,6,2
Dr_S8L1_m4,3,1,1,4,3,7,6
Dr_S8L1_m4,4,1,1,4,3,6,0
Dr_S8L1_fC11,0,1,1,5,6,7,2
Dr_S8L1_fC11,1,1,1,5,7,6,4
Dr_S8L1_fC11,2,1,1,7,5,6,2
Dr_S8L1_fC11,3,1,1,5,6,7,3
Dr_S8L1_fC11,4,1,1,5,7,6,2
Dr_S8K2_fC18,0,1,1,7,2,6,4
Dr_S8K2_fC18,1,1,1,6,2,7,4
Dr_S8K2_fC18,2,1,1,7,6,2,5
Dr_S8K2_fC18,3,1,1,6,7,2,5
Dr_S8K2_fC18,4,1,1,6,7,2,4
Dr_S4L1_m4,0,1,3,1,6,4,7
Dr_S4L1_m4,1,1,1,2,3,4,8
Dr_S4L1_m4,2,1,6,3,7,1,2
Dr_S4L1_m4,3,1,1,6,3,7,2
Dr_S4L1_m4,4,1,1,2,6,7,4
Dr_S8D2_fC13,0,1,1,3,4,8,2
Dr_S8D2_fC13,1,1,1,4,3,2,7
Dr_S8D2_fC13,2,1,1,3,4,8,2
Dr_S8D2_fC13,3,1,1,3,4,2,8
Dr_S8D2_fC13,4,1,1,2,3,4,7
Dr_S8D1_m5,0,1,1,5,0,2,6
Dr_S8D1_m5,1,1,1,3,7,4,9
Dr_S8D1_m5,2,1,1,8,3,0,2
Dr_S8D1_m5,3,1,1,8,2,3,4
Dr_S8D1_m5,4,1,1,7,6,5,2
Dr_S8D2_fC15,0,1,1,3,8,7,0
Dr_S8D2_fC15,1,1,1,7,3,2,4
Dr_S8D2_fC15,2,1,1,3,8,4,0
Dr_S8D2_fC15,3,1,1,3,2,8,7
Dr_S8D2_fC15,4,1,1,3,2,7,4
Dr_S4K1_m4,0,1,1,7,2,6,4
Dr_S4K1_m4,1,1,1,2,7,0,6
Dr_S4K1_m4,2,1,1,0,7,2,3
Dr_S4K1_m4,3,1,1,2,7,0,6
Dr_S4K1_m4,4,1,1,2,3,0,7
Dr_S4L1_m3,0,1,1,3,7,5,4
Dr_S4L1_m3,1,1,1,6,7,4,2
Dr_S4L1_m3,2,1,1,6,7,3,4
Dr_S4L1_m3,3,1,1,6,4,3,7
Dr_S4L2_fC21,0,1,3,4,7,2,9
Dr_S4L2_fC21,1,1,3,1,8,4,6
Dr_S4L2_fC21,2,1,3,4,7,1,9
Dr_S4L2_fC21,3,1,1,3,8,2,4
Dr_S4L2_fC21,4,1,3,1,8,4,7
Dr_S4L2_fC21,5,1,3,1,8,4,7
Dr_S8K1_m5,0,1,1,0,3,6,7
Dr_S8K1_m5,1,1,1,0,2,7,3
Dr_S8K1_m5,2,1,1,0,2,7,6
Dr_S8K1_m5,3,1,1,0,2,6,7
Dr_S8K1_m5,4,1,1,0,3,2,8
Dr_S8K2_fC17,0,1,1,4,7,0,6
Dr_S8K2_fC17,1,1,1,4,5,7,3
Dr_S8K2_fC17,2,1,1,4,0,7,6
Dr_S8K2_fC17,3,1,1,4,0,3,7
Dr_S8K2_fC17,4,1,1,4,7,0,3
Dr_S4K2_fC19,0,1,1,5,2,7,3
Dr_S4K2_fC19,1,1,1,5,3,7,2
Dr_S4K2_fC19,2,1,1,2,5,7,3
Dr_S4K2_fC19,3,1,1,5,2,7,3
Dr_S4K2_fC19,4,1,7,1,5,3,2
Dr_S4K2_fC19,5,1,1,5,2,3,7
Dr_S4K2_fC19,6,1,1,5,7,2,3
Dr_S4K2_fC19,7,1,1,5,7,2,3
Dr_S4K2_fC19,8,1,1,5,2,7,3
Dr_S4L1_m5,0,1,1,3,4,2,6
Dr_S4L1_m5,1,1,1,6,7,2,4
Dr_S4L1_m5,2,1,1,7,6,5,2
Dr_S4L1_m5,3,1,1,3,6,8,5
Dr_S4L1_m5,4,1,1,3,7,4,0
Dr_S8K2_fC19,0,1,1,0,5,7,4
Dr_S8K2_fC19,1,1,1,0,7,4,5
Dr_S8K2_fC19,2,1,1,0,5,7,6
Dr_S8K2_fC19,3,1,1,0,4,5,6
Dr_S8K2_fC19,4,1,1,0,5,7,4
Dr_S8K2_fC19,5,1,1,0,4,7,5
Dr_S8K2_fC19,6,1,1,0,4,5,6
Dr_S8L1_m5,0,1,1,6,5,2,7
Dr_S8L1_m5,1,1,1,2,7,6,5
Dr_S8L1_m5,2,1,1,6,5,7,2
Dr_S8L1_m5,3,1,1,6,2,7,5
Dr_S8L1_m5,4,1,1,2,0,3,6
Dr_S4K2_fC18,0,1,1,0,7,2,6
Dr_S4K2_fC18,1,1,1,2,0,7,6
Dr_S4K2_fC18,2,1,1,2,0,7,6
Dr_S4K2_fC18,3,1,1,2,0,7,6
Dr_S4K2_fC18,4,1,1,0,2,7,5
Dr_S4L2_fC24,0,1,1,3,4,7,2
Dr_S4L2_fC24,1,1,1,3,4,2,7
Dr_S4L2_fC24,2,1,1,3,7,4,2
Dr_S4L2_fC24,3,1,1,4,3,7,2
Dr_S4L2_fC24,4,1,1,3,2,4,7
Dr_S4K2_m3,0,1,1,7,6,5,2
Dr_S4K2_m3,1,1,1,7,6,5,2
Dr_S4K2_m3,2,1,1,3,6,7,2
Dr_S4K2_m3,3,1,1,0,7,6,2
Dr_S4K2_m3,4,1,1,0,5,7,6
Dr_S8K1_m4,0,1,1,2,5,7,6
Dr_S8K1_m4,1,1,1,7,2,6,4
Dr_S8K1_m4,2,1,1,2,5,6,7
Dr_S8K1_m4,3,1,1,2,6,7,0
Dr_S8K1_m4,4,1,1,2,7,6,5
Dr_S8L2_fC21,0,1,1,3,7,4,0
Dr_S8L2_fC21,1,1,1,3,4,7,0
Dr_S8L2_fC21,2,1,1,3,4,7,0
Dr_S8L2_fC21,3,1,1,3,4,7,8
Dr_S8L2_fC21,4,1,1,3,4,0,7
Dr_S8L2_fC21,5,1,1,3,4,7,6
Dr_S8D1_fC4,0,1,7,3,8,1,6
Dr_S8D1_fC4,1,1,7,3,2,8,1
Dr_S8D1_fC4,2,1,7,2,3,8,1
Dr_S8D1_fC4,3,1,3,1,8,7,6
Dr_S8D1_fC4,4,1,7,3,2,8,1
Dr_S8D1_fC4,5,1,7,3,1,8,6
Dr_S8D1_fC4,6,1,3,2,8,6,7
Dr_S8D1_m4,0,1,1,7,6,5,2
Dr_S8D1_m4,1,1,1,2,4,7,3
Dr_S8D1_m4,2,1,1,7,2,5,6
Dr_S8D1_m4,3,1,1,2,6,7,5
Dr_S8D1_m4,4,1,1,6,7,4,2
Dr_S8D1_m4,5,1,1,4,2,5,7
Dr_S8D1_m4,6,1,1,6,7,2,4
Dr_S4L2_fC23,0,1,1,3,4,7,2
Dr_S4L2_fC23,1,1,1,4,3,7,0
Dr_S4L2_fC23,2,1,1,3,7,4,5
Dr_S4L2_fC23,3,1,1,4,3,7,2
Dr_S4L2_fC23,4,1,1,3,4,7,0
Dr_S8D1_m3,0,1,1,6,7,2,0
Dr_S8D1_m3,1,1,1,2,6,5,3
Dr_S8D1_m3,2,1,1,6,2,7,5
Dr_S8D1_m3,3,1,1,2,6,5,7
Dr_S8D1_m3,4,1,1,6,7,3,4
Dr_S4L1_fC12,0,1,1,6,4,2,3
Dr_S4L1_fC12,1,1,1,4,6,7,3
Dr_S4L1_fC12,2,1,1,3,4,7,6
Dr_S4L1_fC12,3,1,1,4,7,6,3
Dr_S4L1_fC12,4,1,1,4,3,7,6
Dr_S8K2_fC20,0,1,1,0,5,4,2
Dr_S8K2_fC20,1,1,1,0,4,5,2
Dr_S8K2_fC20,2,1,1,0,6,2,5
Dr_S8K2_fC20,3,1,1,0,4,2,7
Dr_S8K2_fC20,4,1,1,0,6,5,4
Dr_S8K2_fC20,5,1,1,0,4,6,5
Dr_S8K2_fC20,6,1,1,0,5,2,6
Dr_S4L1_fC9,0,1,1,0,2,4,7
Dr_S4L1_fC9,1,1,1,7,0,2,3
Dr_S4L1_fC9,2,1,1,7,2,4,0
Dr_S4L1_fC9,3,1,1,0,2,4,6
Dr_S4L1_fC9,4,1,1,7,0,6,2
Dr_S4D2_fC16,0,1,1,2,7,4,0
Dr_S4D2_fC16,1,1,1,2,7,3,0
Dr_S4D2_fC16,2,1,1,2,7,0,3
Dr_S4D2_fC16,3,1,1,2,7,4,0
Dr_S4D2_fC16,4,1,1,2,7,3,4
Dr_S4L2_fC22,0,1,3,1,4,6,7
Dr_S4L2_fC22,1,1,3,1,4,0,6
Dr_S4L2_fC22,2,1,1,4,3,7,6
Dr_S4L2_fC22,3,1,1,3,4,7,0
Dr_S8L2_fC23,0,1,1,5,7,4,6
Dr_S8L2_fC23,1,1,1,5,7,2,4
Dr_S8L2_fC23,2,1,1,4,7,5,2
Dr_S8L2_fC23,3,1,1,7,6,2,5
Dr_S8L2_fC23,4,1,1,7,4,5,6
Dr_S4L2_m3,0,1,1,7,6,2,5
Dr_S4L2_m3,1,1,1,2,7,6,5
Dr_S4L2_m3,2,1,6,1,7,3,2
Dr_S4L2_m3,3,1,2,4,1,6,7
Dr_S4K1_m5,0,1,1,4,6,0,5
Dr_S4K1_m5,1,1,1,2,6,7,4
Dr_S4K1_m5,2,1,1,2,6,0,7
Dr_S4K1_m5,3,1,1,2,0,6,7
Dr_S4K1_m5,4,1,1,6,2,7,0
Dr_S4K1_m5,5,1,1,2,0,4,6
Dr_S4K1_m5,6,1,1,4,0,2,6
Dr_S4D2_fC15,0,1,1,2,3,6,5
Dr_S4D2_fC15,1,1,1,6,4,7,2
Dr_S4D2_fC15,2,1,1,4,2,7,6
Dr_S4D2_fC15,3,1,1,7,4,6,2
Dr_S4D2_fC15,4,1,1,7,4,2,6
Dr_S4D2_fC15,5,1,1,4,7,3,6
Dr_S4D2_fC15,6,1,1,2,4,7,6
Dr_S4K1_m3,0,1,2,1,6,3,0
Dr_S4K1_m3,1,1,1,2,0,3,7
Dr_S4K1_m3,2,1,1,2,6,5,7
Dr_S4K1_m3,3,1,1,2,6,5,7
Dr_S4K1_m3,4,1,1,2,0,3,6
Dr_S4D2_fC14,0,1,1,0,3,2,7
Dr_S4D2_fC14,1,1,1,2,3,0,5
Dr_S4D2_fC14,2,1,1,3,0,2,7
Dr_S4D2_fC14,3,1,1,2,3,0,8
Dr_S4D2_fC14,4,1,1,2,3,0,5
Dr_S4D2_fC14,5,1,1,2,0,3,7
Dr_S4D2_fC14,6,1,1,3,0,2,5
Dr_S8L1_m3,0,1,3,1,4,9,6
Dr_S8L1_m3,1,1,1,4,7,6,3
Dr_S8L1_m3,2,1,1,7,6,2,4
Dr_S8L1_m3,3,1,1,4,6,2,5
Dr_S8L1_m3,4,1,6,1,3,4,7
Dr_S8L1_m3,5,1,1,4,6,7,3
Dr_S8L1_m3,6,1,3,1,4,9,7
Dr_S8L1_m3,7,1,3,4,9,1,7
Dr_S8L1_fC12,0,1,1,0,4,2,3
Dr_S8L1_fC12,1,1,1,0,4,3,7
Dr_S8L1_fC12,2,1,1,0,3,2,7
Dr_S8L1_fC12,3,1,1,0,4,3,7
Dr_S8K1_m3,0,1,1,6,3,7,2
Dr_S8K1_m3,1,1,1,0,7,6,3
Dr_S8K1_m3,2,1,1,7,4,6,2
Dr_S8K1_m3,3,1,1,4,7,6,3
Dr_S8K1_m3,4,1,1,7,2,4,0
Dr_S8L2_fC24,0,1,7,9,3,1,4
Dr_S8L2_fC24,1,1,7,1,9,3,4
Dr_S8L2_fC24,2,1,1,7,3,9,5
Dr_S8L2_fC24,3,1,7,1,9,3,4
Dr_S8L2_fC24,4,1,1,7,9,3,5
Dr_S8L2_fC24,5,1,7,1,9,3,4
Dr_S4D1_m3,0,1,1,6,7,2,5
Dr_S4D1_m3,1,1,1,6,7,2,5
Dr_S4D1_m3,2,1,1,6,5,7,3
Dr_S4D1_m3,3,1,1,6,2,5,7
Dr_S4D1_m3,4,1,1,6,5,7,2
Dr_S4L1_fC11,0,1,1,4,6,0,2
Dr_S4L1_fC11,1,1,1,4,8,3,6
Dr_S4L1_fC11,2,1,1,4,3,6,2
Dr_S4L1_fC11,3,1,1,4,6,7,0
Dr_S4L1_fC11,4,1,1,4,2,3,7
Dr_S8L1_fC9,0,1,1,6,3,4,0
Dr_S8L1_fC9,1,1,1,4,0,3,6
Dr_S8L1_fC9,2,1,1,6,4,7,3
Dr_S8L1_fC9,3,1,1,6,3,7,9
Dr_S8L1_fC9,4,1,1,7,4,0,6
Dr_S8D2_fC14,0,1,1,3,7,4,2
Dr_S8D2_fC14,1,1,1,3,5,7,0
Dr_S8D2_fC14,2,1,1,3,4,7,6
Dr_S8D2_fC14,3,1,1,5,3,7,2
Dr_S8D2_fC14,4,1,1,3,2,5,4
Dr_S8L1_fC10,0,1,1,9,4,7,3
Dr_S8L1_fC10,1,1,1,9,7,4,3
Dr_S8L1_fC10,2,1,1,9,4,7,0
Dr_S8L1_fC10,3,1,1,4,9,7,3
Dr_S8L1_fC10,4,1,1,9,4,0,3
Dr_S4K2_fC17,0,1,1,4,0,3,9
Dr_S4K2_fC17,1,1,1,4,3,7,2
Dr_S4K2_fC17,2,1,1,4,3,2,0
Dr_S4K2_fC17,3,1,1,4,2,3,7
Dr_S4K2_fC17,4,1,1,4,0,3,9
Dr_S4K2_fC17,5,1,1,4,0,3,2
Dr_S4K2_fC17,6,1,1,4,0,3,8
Dr_S8L2_fC22,0,1,1,8,0,4,9
Dr_S8L2_fC22,1,1,1,8,0,4,9
Dr_S8L2_fC22,2,1,1,4,9,3,8
Dr_S8L2_fC22,3,1,1,9,0,8,2
Dr_S4L1_fC10,0,1,1,4,3,7,0
Dr_S4L1_fC10,1,1,1,3,4,7,9
Dr_S4L1_fC10,2,1,1,3,4,7,0
Dr_S4L1_fC10,3,1,1,3,7,4,9
Dr_S4L1_fC10,4,1,1,4,7,0,3
Dr_S4L1_fC10,5,1,1,3,7,4,9
Dr_S4D1_fC1,0,1,6,3,8,1,7
Dr_S4D1_fC1,1,1,3,1,7,8,6
Dr_S4D1_fC1,2,1,1,8,3,6,7
Dr_S4D1_fC1,3,1,1,3,8,6,7
Dr_S4D1_fC1,4,1,1,8,6,3,7
Dr_S4D1_fC1,5,1,1,8,3,6,7
Dr_S4D1_fC1,6,1,6,3,8,1,7
Dr_S4D1_fC1,7,1,1,8,3,6,7
Dr_S4D1_fC1,8,1,1,3,6,8,2
Dr_S4D2_fC13,0,1,1,4,3,7,2
Dr_S4D2_fC13,1,1,1,4,3,7,2
Dr_S4D2_fC13,2,1,1,4,7,3,2
Dr_S4D2_fC13,3,1,1,4,3,7,2
Dr_S4D2_fC13,4,1,1,4,3,2,7
GS_S8L1_fC11,0,3,3,7,9,1,4
GS_S8L1_fC11,1,3,3,7,9,4,1
GS_S8L1_fC11,2,3,3,7,9,1,4
GS_S8L1_fC11,3,3,3,7,8,9,1
GS_S8L1_fC11,4,3,3,7,8,1,9
GS_S8L1_fC11,5,3,3,7,8,4,9
GS_S8L1_fC10,0,3,3,7,1,9,4
GS_S8L1_fC10,1,3,3,7,4,6,1
GS_S8L1_fC10,2,3,3,7,9,4,6
GS_S8L1_fC10,3,3,3,4,7,1,6
GS_S8L1_fC10,4,3,3,7,4,1,6
GS_S8L1_fC10,5,3,3,1,7,4,9
GS_S4L1_fC11,0,3,3,9,4,8,7
GS_S4L1_fC11,1,3,3,9,4,7,1
GS_S4L1_fC11,2,3,3,9,4,7,8
GS_S4L1_fC11,3,3,3,4,9,7,1
GS_S4L1_fC11,4,3,3,4,1,9,7
GS_S4L1_fC11,5,3,3,9,4,7,8
GS_S4K1_fC5,0,3,3,0,6,7,2
GS_S4K1_fC5,1,3,3,7,6,0,2
GS_S4K1_fC5,2,3,3,0,6,2,7
GS_S4K1_fC5,3,3,3,0,6,7,4
GS_S4K1_fC5,4,3,3,0,2,1,6
GS_S4K1_fC5,5,3,3,0,2,1,6
GS_S4K1_fC5,6,3,3,0,6,7,5
GS_S4K1_fC5,7,3,3,0,2,1,6
GS_S4K1_m5,0,3,3,0,7,6,2
GS_S4K1_m5,1,3,3,0,2,7,6
GS_S4K1_m5,2,3,3,6,2,7,4
GS_S4K1_m5,3,3,3,7,6,2,0
GS_S4K1_m5,4,3,3,7,2,6,1
GS_S4K1_m5,5,3,3,2,7,4,6
GS_S4K1_m5,6,3,3,7,6,0,2
GS_S4K1_m5,7,3,3,0,1,7,6
GS_S4K1_m5,8,3,3,7,6,0,2
GS_S4K1_m5,9,3,3,0,1,7,2
GS_S4K1_m5,10,3,7,3,6,2,1
GS_S4K1_m5,11,3,3,0,1,7,2
GS_S4K1_m5,12,3,7,6,3,2,1
GS_S4K1_m5,13,3,3,7,0,4,1
GS_S4K1_m5,14,3,7,3,4,2,6
GS_S4K1_m5,15,3,3,7,0,4,6
GS_S4K1_m5,16,3,3,7,0,4,2
GS_S4K1_m5,17,3,3,7,1,4,6
GS_S4K1_m5,18,3,3,7,4,2,1
GS_S4K1_m5,19,3,3,8,2,7,0
GS_S4K1_m5,20,3,3,2,7,4,6
GS_S4K1_m5,21,3,3,8,2,7,6
GS_S4K1_m5,22,3,3,2,4,0,7
GS_S4K1_m5,23,3,3,8,2,7,0
GS_S4K1_m5,24,3,3,7,2,1,6
GS_S4K1_m5,25,3,3,0,7,6,1
GS_S4K1_m5,26,3,3,7,0,6,1
GS_S4K1_m5,27,3,3,0,7,1,6
GS_S4K1_m5,28,3,7,1,0,3,2
GS_S4K1_m5,29,3,3,0,7,2,6
GS_S8K1_m5,0,3,3,6,0,7,2
GS_S8K1_m5,1,3,3,7,1,4,2
GS_S8K1_m5,2,3,3,0,6,2,1
GS_S8K1_m5,3,3,3,0,2,6,7
GS_S8K1_m5,4,3,3,0,7,6,1
GS_S8K1_m5,5,3,3,7,6,2,1
GS_S8K1_m5,6,3,3,7,1,6,0
GS_S8K1_m5,7,3,3,0,7,1,6
GS_S8K1_m5,8,3,3,7,0,6,1
GS_S8K1_m5,9,3,3,0,7,6,1
GS_S8K1_m5,10,3,3,7,0,1,6
GS_S8K1_m5,11,3,3,0,7,6,1
GS_S8K1_m5,12,3,3,0,7,1,4
GS_S8K1_m5,13,3,3,0,1,7,6
GS_S8K1_m5,14,3,3,7,2,0,6
GS_S8K1_m5,15,3,3,0,7,6,1
GS_S8K1_m5,16,3,3,7,0,6,2
GS_S8K1_m5,17,3,3,2,0,4,8
GS_S8K1_m5,18,3,3,2,0,7,4
GS_S8K1_m5,19,3,3,0,7,4,8
GS_S4L2_m3,0,3,3,4,6,7,1
GS_S4L2_m3,1,3,3,4,7,1,2
GS_S4L2_m3,2,3,3,4,7,1,2
GS_S4L2_m3,3,3,3,4,6,7,1
GS_S4L2_m3,4,3,3,4,1,6,7
GS_S4L2_m3,5,3,3,4,8,1,7
GS_S4L2_m3,6,3,3,4,1,7,9
GS_S4L2_m3,7,3,3,4,8,7,1
GS_S4K1_fC6,0,3,3,0,8,7,6
GS_S4K1_fC6,1,3,3,7,0,4,6
GS_S4K1_fC6,2,3,3,7,0,6,8
GS_S4K1_fC6,3,3,3,0,8,7,6
GS_S4K1_fC6,4,3,3,0,8,7,4
GS_S4K1_fC6,5,3,3,7,0,6,8
GS_S4K1_fC6,6,3,3,7,4,0,6
GS_S4K1_fC6,7,3,3,7,0,6,4
GS_S8K2_fC18,0,3,3,7,8,4,6
GS_S8K2_fC18,1,3,3,5,7,6,4
GS_S8K2_fC18,2,3,3,7,4,9,1
GS_S8K2_fC18,3,3,3,7,5,4,9
GS_S8K2_fC18,4,3,3,7,5,4,9
GS_S8K2_fC18,5,3,3,7,4,6,5
GS_S8K2_fC18,6,3,3,7,5,9,4
GS_S8K2_fC18,7,3,3,7,5,8,4
GS_S8D1_fC2,0,3,3,6,4,8,7
GS_S8D1_fC2,1,3,3,4,6,5,8
GS_S8D1_fC2,2,3,3,6,8,4,5
GS_S8D1_fC2,3,3,3,6,4,8,7
GS_S8D1_fC2,4,3,3,5,4,6,7
GS_S8D1_fC2,5,3,3,6,4,8,5
GS_S8D1_fC2,6,3,3,4,6,5,8
GS_S8D1_fC2,7,3,3,4,5,8,6
GS_S8D1_fC1,0,3,3,7,8,5,1
GS_S8D1_fC1,1,3,7,3,1,2,5
GS_S8D1_fC1,2,3,3,7,1,5,6
GS_S8D1_fC1,3,3,3,7,5,1,0
GS_S8D1_fC1,4,3,3,7,1,5,6
GS_S8D1_fC1,5,3,3,5,7,1,8
GS_S8D1_fC1,6,3,7,3,2,1,5
GS_S8D1_fC1,7,3,3,7,5,8,1
GS_S4D1_fC2,0,3,3,7,1,2,4
GS_S4D1_fC2,1,3,3,7,5,1,4
GS_S4D1_fC2,2,3,3,7,6,8,1
GS_S4D1_fC2,3,3,3,7,6,8,5
GS_S4D1_fC2,4,3,3,6,7,2,5
GS_S4D1_fC2,5,3,3,7,5,4,2
GS_S4D1_fC2,6,3,3,7,1,5,2
GS_S4D1_fC2,7,3,3,6,5,7,1
GS_S8K1_fC5,0,3,3,7,8,6,0
GS_S8K1_fC5,1,3,3,7,2,0,6
GS_S8K1_fC5,2,3,3,7,6,8,9
GS_S8K1_fC5,3,3,3,7,8,6,2
GS_S8K1_fC5,4,3,3,7,6,8,0
GS_S8K1_fC5,5,3,3,7,6,8,0
GS_S8K1_fC5,6,3,3,7,4,1,2
GS_S8K1_fC5,7,3,3,7,6,8,4
GS_S4K2_m5,0,3,6,5,4,2,3
GS_S4K2_m5,1,3,3,5,7,6,4
GS_S4K2_m5,2,3,3,5,6,4,2
GS_S4K2_m5,3,3,3,5,6,7,4
GS_S4K2_m5,4,3,3,6,5,4,2
GS_S4K2_m5,5,3,3,5,4,7,0
GS_S4K2_m5,6,3,3,4,7,9,2
GS_S4K2_m5,7,3,3,1,5,4,2
GS_S4K2_m5,8,3,3,4,5,9,7
GS_S4K2_m5,9,3,3,1,4,7,5
GS_S4K2_m5,10,3,3,4,5,7,9
GS_S4K2_m5,11,3,3,4,5,9,7
GS_S4K2_m5,12,3,1,3,4,0,7
GS_S4K2_m5,13,3,4,7,1,2,3
GS_S4K2_m5,14,3,3,7,4,0,1
GS_S4K2_m5,15,3,3,0,1,7,4
GS_S4K2_m5,16,3,3,7,4,6,0
GS_S4K2_m5,17,3,3,0,1,7,4
GS_S4K2_m5,18,3,3,4,7,1,5
GS_S4K2_m5,19,3,1,4,5,3,7
GS_S4K2_m5,20,3,3,5,4,1,2
GS_S4K2_m5,21,3,5,1,2,4,3
GS_S4K2_m5,22,3,3,4,5,1,0
GS_S4K2_m5,23,3,3,5,4,1,2
GS_S4K2_m5,24,3,3,7,5,4,1
GS_S4K2_m5,25,3,3,7,4,6,5
GS_S4K2_m5,26,3,3,7,5,1,9
GS_S4K2_m5,27,3,3,7,6,4,5
GS_S4K2_m5,28,3,3,7,5,4,9
GS_S4K2_m5,29,3,3,7,4,6,9
GS_S4K2_fC18,0,3,3,7,5,4,1
GS_S4K2_fC18,1,3,3,7,5,9,4
GS_S4K2_fC18,2,3,3,7,4,1,9
GS_S4K2_fC18,3,3,3,7,5,4,9
GS_S4K2_fC18,4,3,3,7,5,9,4
GS_S4K2_fC18,5,3,3,7,4,1,5
GS_S4K2_fC18,6,3,3,7,5,9,4
GS_S4K2_fC18,7,3,3,7,4,5,1
GS_S4L1_fC10,0,3,3,8,7,4,0
GS_S4L1_fC10,1,3,3,4,7,1,8
GS_S4L1_fC10,2,3,3,8,7,4,0
GS_S4L1_fC10,3,3,7,3,4,8,1
GS_S4L1_fC10,4,3,3,7,8,1,4
GS_S4L1_fC10,5,3,3,4,7,0,8
GS_S8L2_m3,0,3,3,7,4,8,1
GS_S8L2_m3,1,3,3,7,9,4,1
GS_S8L2_m3,2,3,3,7,8,4,0
GS_S8L2_m3,3,3,3,9,5,4,2
GS_S8L2_m3,4,3,3,8,4,7,9
GS_S8L2_m3,5,3,3,8,7,4,1
GS_S8L2_m3,6,3,3,4,9,5,7
GS_S8L2_m3,7,3,3,4,9,5,7
GS_S8K2_fC17,0,3,3,7,5,9,0
GS_S8K2_fC17,1,3,3,5,7,9,4
GS_S8K2_fC17,2,3,3,7,5,9,4
GS_S8K2_fC17,3,3,3,5,7,9,0
GS_S8K2_fC17,4,3,3,7,5,9,4
GS_S8K2_fC17,5,3,3,7,5,9,4
GS_S8K2_fC17,6,3,3,5,7,9,4
GS_S8K2_fC17,7,3,3,7,5,9,0
GS_S8K1_fC6,0,3,3,0,8,7,4
GS_S8K1_fC6,1,3,3,0,7,9,4
GS_S8K1_fC6,2,3,3,0,8,1,7
GS_S8K1_fC6,3,3,3,0,7,4,8
GS_S8K1_fC6,4,3,3,7,0,2,4
GS_S8K1_fC6,5,3,3,0,8,4,1
GS_S8K1_fC6,6,3,3,7,0,4,2
GS_S8K1_fC6,7,3,3,0,8,4,7
GS_S8D2_fC14,0,3,3,8,4,9,7
GS_S8D2_fC14,1,3,3,8,9,4,7
GS_S8D2_fC14,2,3,3,8,7,9,4
GS_S8D2_fC14,3,3,3,8,7,9,0
GS_S8D2_fC14,4,3,3,8,9,4,0
GS_S8D2_fC14,5,3,3,8,6,1,9
GS_S8D2_fC14,6,3,3,8,9,4,7
GS_S8D2_fC14,7,3,3,8,7,4,9
GS_S4D2_fC13,0,3,3,7,8,9,6
GS_S4D2_fC13,1,3,3,9,4,7,8
GS_S4D2_fC13,2,3,3,9,8,6,7
GS_S4D2_fC13,3,3,3,4,8,7,9
GS_S4D2_fC13,4,3,3,9,7,8,4
GS_S4D2_fC13,5,3,3,9,7,8,4
GS_S4D2_fC13,6,3,3,4,9,8,7
GS_S4D2_fC13,7,3,3,7,6,8,4
GS_S8L2_m5,0,3,3,7,9,4,8
GS_S8L2_m5,1,3,3,7,9,6,4
GS_S8L2_m5,2,3,3,7,4,9,6
GS_S8L2_m5,3,3,3,4,7,8,9
GS_S8L2_m5,4,3,3,6,4,1,7
GS_S8L2_m5,5,3,3,4,1,9,8
GS_S8L2_m5,6,3,3,4,7,1,6
GS_S8L2_m5,7,3,3,4,8,1,9
GS_S8L2_m5,8,3,3,4,9,1,7
GS_S8L2_m5,9,3,4,3,1,9,7
GS_S8L2_m5,10,3,3,4,1,8,9
GS_S8L2_m5,11,3,3,4,9,7,1
GS_S8L2_m5,12,3,3,4,1,8,7
GS_S8L2_m5,13,3,3,4,9,7,1
GS_S8L2_m5,14,3,3,4,9,7,1
GS_S8L2_m5,15,3,3,9,7,4,8
GS_S8L2_m5,16,3,3,9,4,7,8
GS_S8L2_m5,17,3,9,3,7,1,4
GS_S8L2_m4,0,3,3,7,4,9,1
GS_S8L2_m4,1,3,3,9,7,4,1
GS_S8L2_m4,2,3,3,4,7,9,1
GS_S8L2_m4,3,3,3,4,7,1,9
GS_S8L2_m4,4,3,3,7,4,1,9
GS_S8L2_m4,5,3,3,4,1,7,0
GS_S8L2_m4,6,3,3,4,7,9,1
GS_S8L2_m4,7,3,3,4,7,1,0
GS_S4K2_fC17,0,3,3,5,7,1,9
GS_S4K2_fC17,1,3,5,3,7,1,4
GS_S4K2_fC17,2,3,3,7,5,1,4
GS_S4K2_fC17,3,3,3,5,7,1,9
GS_S4K2_fC17,4,3,5,3,7,1,9
GS_S4K2_fC17,5,3,3,7,5,9,1
GS_S4K2_fC17,6,3,5,3,7,1,9
GS_S4K2_fC17,7,3,3,7,5,1,4
GS_S4D1_fC1,0,3,3,8,7,1,4
GS_S4D1_fC1,1,3,3,8,7,1,2
GS_S4D1_fC1,2,3,3,8,4,7,1
GS_S4D1_fC1,3,3,3,8,6,7,2
GS_S4D1_fC1,4,3,3,4,8,6,1
GS_S4D1_fC1,5,3,3,8,2,1,7
GS_S4D1_fC1,6,3,3,7,8,4,1
GS_S4D1_fC1,7,3,3,8,7,2,1
GS_S4L1_fC9,0,3,3,8,1,6,9
GS_S4L1_fC9,1,3,3,8,6,7,1
GS_S4L1_fC9,2,3,3,8,1,4,7
GS_S4L1_fC9,3,3,3,8,4,7,6
GS_S4L1_fC9,4,3,3,8,4,6,1
GS_S4L1_fC9,5,3,3,8,6,4,7
GS_S8D2_fC13,0,3,3,7,4,8,9
GS_S8D2_fC13,1,3,3,7,4,9,8
GS_S8D2_fC13,2,3,3,7,4,8,2
GS_S8D2_fC13,3,3,3,7,4,8,9
GS_S8D2_fC13,4,3,3,7,4,9,2
GS_S8D2_fC13,5,3,3,7,4,8,9
GS_S8D2_fC13,6,3,3,4,7,9,8
GS_S8D2_fC13,7,3,3,7,4,8,9
GS_S8L1_fC9,0,3,3,8,4,1,7
GS_S8L1_fC9,1,3,3,8,4,7,1
GS_S8L1_fC9,2,3,3,8,4,9,7
GS_S8L1_fC9,3,3,3,8,4,1,7
GS_S8L1_fC9,4,3,3,8,1,4,7
GS_S8L1_fC9,5,3,3,8,4,7,9
GS_S4D2_fC14,0,3,3,7,8,4,9
GS_S4D2_fC14,1,3,3,9,4,7,8
GS_S4D2_fC14,2,3,3,7,8,4,1
GS_S4D2_fC14,3,3,3,7,4,8,1
GS_S4D2_fC14,4,3,3,7,4,8,9
GS_S4D2_fC14,5,3,3,7,8,4,9
GS_S4D2_fC14,6,3,3,4,8,7,9
GS_S4D2_fC14,7,3,3,7,4,8,1
GS_S4L2_m4,0,3,3,4,1,7,9
GS_S4L2_m4,1,3,3,4,7,9,1
GS_S4L2_m4,2,3,3,7,9,4,8
GS_S4L2_m4,3,3,3,9,4,7,8
GS_S4L2_m4,4,3,3,4,1,9,7
GS_S4L2_m4,5,3,3,4,1,9,7
GS_S4L2_m4,6,3,3,4,6,1,7
GS_S4L2_m4,7,3,3,4,6,8,1
TV_S4L2_fC22,0,9,9,3,4,8,1
TV_S4L2_fC22,1,9,9,4,3,8,7
TV_S4L2_fC22,2,9,9,3,1,4,7
TV_S4L2_fC22,3,9,9,3,4,8,1
TV_S4L2_fC22,4,9,9,3,4,8,1
TV_S4L2_fC22,5,9,9,3,1,4,7
TV_S4L2_fC22,6,9,9,3,4,1,8
TV_S4L2_fC22,7,9,9,3,4,8,1
TV_S4L2_fC22,8,9,9,3,4,1,5
TV_S4L2_fC22,9,9,9,3,4,1,8
TV_S4L1_fC10,0,9,9,3,4,0,8
TV_S4L1_fC10,1,9,9,3,4,7,0
TV_S4L1_fC10,2,9,9,3,4,8,0
TV_S4L1_fC10,3,9,9,3,4,0,8
TV_S4L1_fC10,4,9,9,3,4,0,8
TV_S4L1_fC10,5,9,9,3,4,7,8
TV_S4L1_fC10,6,9,9,3,0,8,5
TV_S4L1_fC10,7,9,9,3,4,0,8
TV_S4L1_fC10,8,9,9,3,0,4,8
TV_S4L1_fC10,9,9,9,3,4,0,8
TV_S8L2_fC22,0,9,9,4,3,7,8
TV_S8L2_fC22,1,9,9,4,3,7,1
TV_S8L2_fC22,2,9,9,4,3,1,8
TV_S8L2_fC22,3,9,9,4,3,1,8
TV_S8L2_fC22,4,9,9,4,3,1,8
TV_S8L2_fC22,5,9,9,4,3,7,1
TV_S8L2_fC22,6,9,9,4,3,7,8
TV_S8L2_fC22,7,9,9,4,3,7,1
TV_S8L2_fC22,8,9,9,4,3,1,7
TV_S8L2_fC22,9,9,9,4,3,7,1
TV_S8L2_m4,0,9,9,3,4,8,7
TV_S8L2_m4,1,9,9,4,8,3,7
TV_S8L2_m4,2,9,9,3,4,8,7
TV_S8L2_m4,3,9,9,8,3,2,1
TV_S8L2_m4,4,9,9,3,8,2,1
TV_S8L2_m4,5,9,9,8,3,4,1
TV_S8L2_m4,6,9,9,8,3,1,2
TV_S8L2_m4,7,9,9,3,1,8,4
TV_S8L2_m4,8,9,9,8,7,3,1
TV_S8L2_m4,9,9,9,7,1,3,8
TV_S8L2_m4,10,9,9,8,3,1,2
TV_S8L2_m4,11,9,9,8,3,1,2
TV_S8L2_m4,12,9,9,8,3,1,2
TV_S8L2_m4,13,9,9,8,3,2,1
TV_S8L2_m4,14,9,9,8,3,4,1
TV_S8L2_m4,15,9,9,8,3,4,1
TV_S8L2_m4,16,9,9,4,3,8,1
TV_S8L2_m4,17,9,9,8,4,3,1
TV_S8L2_m4,18,9,9,8,3,4,1
TV_S8L2_m4,19,9,9,8,3,2,1
TV_S8L2_m4,20,9,9,3,8,1,4
TV_S8L2_m4,21,9,9,3,8,4,7
TV_S8L2_m4,22,9,9,3,4,8,1
TV_S8L2_m4,23,9,9,1,3,7,8
TV_S8L2_m4,24,9,9,3,7,1,4
TV_S8L2_m4,25,9,9,8,7,1,3
TV_S8L2_m4,26,9,9,8,1,4,3
TV_S8L2_m4,27,9,9,8,3,1,4
TV_S8L2_m4,28,9,9,8,3,1,4
TV_S8L2_m4,29,9,9,8,3,1,4
TV_S8L2_m4,30,9,9,8,4,3,6
TV_S8L2_m4,31,9,9,8,3,4,1
TV_S8L2_m4,32,9,9,8,3,4,1
TV_S8L2_m4,33,9,9,8,3,1,2
TV_S8L2_m4,34,9,9,3,4,8,1
TV_S8L2_m4,35,9,9,8,3,1,4
TV_S8L2_m4,36,9,9,8,7,1,3
TV_S8L2_m4,37,9,9,8,7,3,5
TV_S8L2_m4,38,9,9,3,8,1,4
TV_S8L2_m4,39,9,9,1,3,4,8
TV_S4L2_m4,0,9,9,3,1,4,7
TV_S4L2_m4,1,9,9,3,1,4,7
TV_S4L2_m4,2,9,9,3,1,4,5
TV_S4L2_m4,3,9,9,7,3,8,1
TV_S4L2_m4,4,9,9,7,3,8,1
TV_S4L2_m4,5,9,9,7,3,8,1
TV_S4L2_m4,6,9,9,8,7,1,3
TV_S4L2_m4,7,9,9,8,7,1,3
TV_S4L2_m4,8,9,9,8,7,1,3
TV_S4L2_m4,9,9,9,4,3,1,7
TV_S4L2_m4,10,9,9,3,7,5,1
TV_S4L2_m4,11,9,9,3,7,5,1
TV_S4L2_m4,12,9,9,3,7,1,8
TV_S4L2_m4,13,9,9,4,1,3,7
TV_S4L2_m4,14,9,9,8,7,1,3
TV_S4L2_m4,15,9,9,8,7,1,3
TV_S4L2_m4,16,9,9,8,7,1,3
TV_S4L2_m4,17,9,9,8,7,1,3
TV_S4L2_m4,18,9,9,3,1,4,7
TV_S4L2_m4,19,9,9,7,3,8,1
TV_S4L2_m4,20,9,9,3,1,4,7
TV_S4L2_m4,21,9,9,3,1,4,5
TV_S4L2_m4,22,9,9,3,1,4,5
TV_S4L2_m4,23,9,9,4,1,7,3
TV_S4L2_m4,24,9,9,7,3,8,1
TV_S4L2_m4,25,9,9,3,7,8,1
TV_S4L2_m4,26,9,9,3,4,1,7
TV_S4L2_m4,27,9,9,8,7,1,3
TV_S4L2_m4,28,9,9,8,7,1,3
TV_S4L2_m4,29,9,9,4,1,3,7
TV_S4L2_m4,30,9,9,3,5,7,1
TV_S4L2_m4,31,9,9,3,5,7,1
TV_S4L2_m4,32,9,9,3,5,8,7
TV_S4L2_m4,33,9,9,1,3,4,7
TV_S4L2_m4,34,9,9,8,7,1,3
TV_S4L2_m4,35,9,9,8,7,3,1
TV_S4L2_m4,36,9,9,3,7,8,1
TV_S4L2_m4,37,9,9,3,7,8,1
TV_S4L2_m4,38,9,9,3,4,1,5
TV_S4L2_m4,39,9,9,3,4,1,5
TV_S4L1_fC12,0,9,9,8,7,3,4
TV_S4L1_fC12,1,9,9,8,7,3,4
TV_S4L1_fC12,2,9,9,8,3,7,4
TV_S4L1_fC12,3,9,9,8,7,3,4
TV_S4L1_fC12,4,9,9,8,7,3,4
TV_S4L1_fC12,5,9,9,8,7,3,4
TV_S4L1_fC12,6,9,9,8,7,3,4
TV_S4L1_fC12,7,9,9,8,3,7,4
TV_S4L1_fC12,8,9,9,8,7,3,4
TV_S4L1_fC12,9,9,9,8,3,7,4
TV_S4L1_m5,0,9,9,3,4,8,7
TV_S4L1_m5,1,9,9,3,4,8,7
TV_S4L1_m5,2,9,9,3,4,8,7
TV_S4L1_m5,3,9,9,3,4,8,7
TV_S4L1_m5,4,9,9,3,4,8,7
TV_S4L1_m5,5,9,9,3,4,8,7
TV_S4L1_m5,6,9,9,3,8,1,7
TV_S4L1_m5,7,9,9,3,8,7,5
TV_S4L1_m5,8,9,9,3,8,7,4
TV_S4L1_m5,9,9,9,3,8,7,0
TV_S4L1_m5,10,9,9,3,8,7,5
TV_S4L1_m5,11,9,9,3,8,7,5
TV_S4L1_m5,12,9,9,3,4,5,7
TV_S4L1_m5,13,9,9,3,4,1,7
TV_S4L1_m5,14,9,9,3,4,1,7
TV_S4L1_m5,15,9,9,3,1,7,4
TV_S4L1_m5,16,9,9,7,3,1,4
TV_S4L1_m5,17,9,9,3,7,4,1
TV_S4L1_m5,18,9,9,3,7,8,4
TV_S4L1_m5,19,9,9,3,7,1,4
TV_S4L1_m5,20,9,9,3,7,1,4
TV_S4L1_m5,21,9,9,3,4,7,1
TV_S4L1_m5,22,9,9,3,4,7,1
TV_S4L1_m5,23,9,9,3,7,4,1
TV_S4L1_m5,24,9,9,3,4,7,5
TV_S4L1_m5,25,9,9,3,7,8,5
TV_S4L1_m5,26,9,9,3,8,7,5
TV_S4L1_m5,27,9,9,3,5,4,7
TV_S4L1_m5,28,9,9,8,3,7,1
TV_S4L1_m5,29,9,9,3,8,7,1
TV_S4L1_m5,30,9,9,1,4,3,2
TV_S4L1_m5,31,9,9,3,8,4,7
TV_S4L1_m5,32,9,9,3,8,4,7
TV_S4L1_m5,33,9,9,3,8,4,7
TV_S4L1_m5,34,9,9,8,3,7,0
TV_S4L1_m5,35,9,9,8,3,7,0
TV_S4L1_m5,36,9,9,3,8,7,4
TV_S4L1_m5,37,9,9,3,8,7,5
TV_S4L1_m5,38,9,9,3,4,7,5
TV_S4L1_m5,39,9,9,3,7,4,1
TV_S8L1_fC10,0,9,9,3,7,5,1
TV_S8L1_fC10,1,9,9,3,5,7,4
TV_S8L1_fC10,2,9,9,5,7,3,1
TV_S8L1_fC10,3,9,9,7,5,3,4
TV_S8L1_fC10,4,9,9,5,3,7,1
TV_S8L1_fC10,5,9,9,3,7,5,4
TV_S8L1_fC10,6,9,9,5,3,7,4
TV_S8L1_fC10,7,9,9,3,7,5,1
TV_S8L1_fC10,8,9,9,5,3,7,0
TV_S8L1_fC10,9,9,9,5,7,3,0
TV_S8L1_fC12,0,9,9,1,4,5,3
TV_S8L1_fC12,1,9,9,1,4,5,3
TV_S8L1_fC12,2,9,9,5,7,3,4
TV_S8L1_fC12,3,9,9,5,1,3,4
TV_S8L1_fC12,4,9,9,1,5,4,3
TV_S8L1_fC12,5,9,9,1,4,5,3
TV_S8L1_fC12,6,9,9,1,4,3,5
TV_S8L1_fC12,7,9,9,1,4,5,3
TV_S8L1_fC12,8,9,9,4,1,3,5
TV_S8L1_fC12,9,9,9,1,4,5,3
TV_S4L2_fC23,0,9,9,3,4,7,5
TV_S4L2_fC23,1,9,9,4,3,7,5
TV_S4L2_fC23,2,9,9,3,7,4,5
TV_S4L2_fC23,3,9,9,4,3,7,5
TV_S4L2_fC23,4,9,9,3,4,7,5
TV_S4L2_fC23,5,9,9,4,3,7,5
TV_S4L2_fC23,6,9,9,7,4,3,1
TV_S4L2_fC23,7,9,9,7,4,3,5
TV_S4L2_fC23,8,9,9,3,4,7,5
TV_S4L2_fC23,9,9,9,4,3,7,5
TV_S8L2_fC23,0,9,9,3,4,8,7
TV_S8L2_fC23,1,9,9,3,4,7,8
TV_S8L2_fC23,2,9,9,3,4,8,7
TV_S8L2_fC23,3,9,9,3,4,7,8
TV_S8L2_fC23,4,9,9,3,4,8,7
TV_S8L2_fC23,5,9,9,3,4,8,7
TV_S8L2_fC23,6,9,9,3,4,8,7
TV_S8L2_fC23,7,9,9,3,4,8,7
TV_S8L2_fC23,8,9,9,3,4,8,7
TV_S8L2_fC23,9,9,9,3,4,8,7
TV_S4L1_fC11,0,9,9,7,2,4,6
TV_S4L1_fC11,1,9,9,7,2,4,6
TV_S4L1_fC11,2,9,9,7,2,4,6
TV_S4L1_fC11,3,9,9,7,2,4,6
TV_S4L1_fC11,4,9,9,7,2,4,6
TV_S4L1_fC11,5,9,9,7,2,4,6
TV_S4L1_fC11,6,9,9,7,2,4,6
TV_S4L1_fC11,7,9,9,7,2,4,6
TV_S4L1_fC11,8,9,9,7,2,4,6
TV_S4L1_fC11,9,9,9,7,2,4,6
TV_S8L1_fC11,0,9,9,2,3,1,5
TV_S8L1_fC11,1,9,9,3,2,5,1
TV_S8L1_fC11,2,9,9,3,2,1,5
TV_S8L1_fC11,3,9,9,2,3,1,5
TV_S8L1_fC11,4,9,9,5,2,3,1
TV_S8L1_fC11,5,9,9,3,1,5,2
TV_S8L1_fC11,6,9,9,3,2,1,5
TV_S8L1_fC11,7,9,9,3,5,1,8
TV_S8L1_fC11,8,9,9,3,5,2,1
TV_S8L1_fC11,9,9,9,4,2,5,3
TV_S4L2_fC21,0,9,9,3,4,7,1
TV_S4L2_fC21,1,9,9,3,4,1,7
TV_S4L2_fC21,2,9,9,3,4,7,1
TV_S4L2_fC21,3,9,9,3,4,7,1
TV_S4L2_fC21,4,9,9,3,4,7,1
TV_S4L2_fC21,5,9,3,9,4,7,1
TV_S4L2_fC21,6,9,9,3,4,7,1
TV_S4L2_fC21,7,9,9,3,4,7,1
TV_S4L2_fC21,8,9,9,3,4,7,1
TV_S4L2_fC21,9,9,9,3,4,7,1
TV_S8L2_fC21,0,9,9,3,4,1,2
TV_S8L2_fC21,1,9,9,3,4,1,2
TV_S8L2_fC21,2,9,9,3,1,4,2
TV_S8L2_fC21,3,9,9,3,4,1,2
TV_S8L2_fC21,4,9,9,3,4,1,2
TV_S8L2_fC21,5,9,9,4,3,1,2
TV_S8L2_fC21,6,9,9,3,4,1,2
TV_S8L2_fC21,7,9,9,3,4,1,5
TV_S8L2_fC21,8,9,9,3,1,4,0
TV_S8L2_fC21,9,9,9,3,4,1,2
TV_S8L1_fC9,0,9,9,3,8,1,7
TV_S8L1_fC9,1,9,9,3,8,1,7
TV_S8L1_fC9,2,9,9,3,8,1,7
TV_S8L1_fC9,3,9,9,3,8,4,7
TV_S8L1_fC9,4,9,9,3,1,8,7
TV_S8L1_fC9,5,9,9,3,1,8,7
TV_S8L1_fC9,6,9,9,3,1,8,7
TV_S8L1_fC9,7,9,9,1,3,8,0
TV_S8L1_fC9,8,9,9,8,3,1,7
TV_S8L1_fC9,9,9,9,3,8,1,0
TV_S4L2_fC24,0,9,9,7,4,3,1
TV_S4L2_fC24,1,9,9,4,3,7,1
TV_S4L2_fC24,2,9,9,1,4,7,3
TV_S4L2_fC24,3,9,9,3,4,7,1
TV_S4L2_fC24,4,9,9,4,3,1,7
TV_S4L2_fC24,5,9,9,4,7,3,1
TV_S4L2_fC24,6,9,9,3,1,4,7
TV_S4L2_fC24,7,9,9,1,3,4,0
TV_S4L2_fC24,8,9,9,3,4,7,1
TV_S4L2_fC24,9,9,9,4,3,1,7
TV_S4L1_fC9,0,9,9,7,3,1,8
TV_S4L1_fC9,1,9,9,3,7,8,1
TV_S4L1_fC9,2,9,9,3,8,1,7
TV_S4L1_fC9,3,9,9,8,3,7,1
TV_S4L1_fC9,4,9,9,8,1,3,7
TV_S4L1_fC9,5,9,9,1,7,3,8
TV_S4L1_fC9,6,9,9,3,8,0,1
TV_S4L1_fC9,7,9,9,3,1,7,4
TV_S4L1_fC9,8,9,9,3,8,7,1
TV_S4L1_fC9,9,9,9,3,7,1,8
TV_S8L1_m5,0,9,9,7,3,8,4
TV_S8L1_m5,1,9,9,7,3,4,5
TV_S8L1_m5,2,9,9,7,3,4,8
TV_S8L1_m5,3,9,9,3,7,1,5
TV_S8L1_m5,4,9,3,9,8,1,6
TV_S8L1_m5,5,9,3,9,1,5,8
TV_S8L1_m5,6,9,3,9,1,8,5
TV_S8L1_m5,7,9,9,3,7,4,1
TV_S8L1_m5,8,9,9,3,7,4,0
TV_S8L1_m5,9,9,9,3,7,4,0
TV_S8L1_m5,10,9,9,3,4,7,1
TV_S8L1_m5,11,9,9,3,8,7,0
TV_S8L1_m5,12,9,9,3,8,7,0
TV_S8L1_m5,13,9,9,3,7,1,8
TV_S8L1_m5,14,9,9,3,1,4,7
TV_S8L1_m5,15,9,9,3,8,7,4
TV_S8L1_m5,16,9,9,3,7,1,4
TV_S8L1_m5,17,9,9,3,7,8,0
TV_S8L1_m5,18,9,9,3,5,7,0
TV_S8L1_m5,19,9,9,7,3,0,4
TV_S8L1_m5,20,9,9,3,1,7,0
TV_S8L1_m5,21,9,3,9,1,6,8
TV_S8L1_m5,22,9,9,1,3,5,8
TV_S8L1_m5,23,9,9,3,4,7,1
TV_S8L1_m5,24,9,9,7,3,4,8
TV_S8L1_m5,25,9,9,3,7,4,1
TV_S8L1_m5,26,9,9,3,8,0,1
TV_S8L1_m5,27,9,9,3,1,0,5
TV_S8L1_m5,28,9,9,3,1,0,5
TV_S8L1_m5,29,9,9,3,7,4,6
TV_S8L1_m5,30,9,9,3,7,1,8
TV_S8L1_m5,31,9,9,3,4,7,0
TV_S8L1_m5,32,9,9,7,3,8,5
TV_S8L1_m5,33,9,9,8,3,7,5
TV_S8L1_m5,34,9,9,3,7,1,4
TV_S8L1_m5,35,9,9,3,8,7,1
TV_S8L1_m5,36,9,9,3,8,7,4
TV_S8L1_m5,37,9,9,3,7,1,0
TV_S8L1_m5,38,9,9,8,3,7,0
TV_S8L1_m5,39,9,9,8,3,7,5
TV_S8L2_fC24,0,9,9,4,7,3,8
TV_S8L2_fC24,1,9,9,4,7,8,3
TV_S8L2_fC24,2,9,4,7,8,3,9
TV_S8L2_fC24,3,9,9,4,8,7,1
TV_S8L2_fC24,4,9,9,4,7,8,3
TV_S8L2_fC24,5,9,4,3,9,8,7
TV_S8L2_fC24,6,9,9,4,8,7,3
TV_S8L2_fC24,7,9,9,4,7,8,1
TV_S8L2_fC24,8,9,9,4,8,7,3
TV_S8L2_fC24,9,9,9,4,8,7,3
RB_S4L1_m5,0,4,7,4,3,1,5
RB_S4L1_m5,1,4,7,4,1,5,3
RB_S4L1_m5,2,4,7,4,5,1,3
RB_S4L1_m5,3,4,7,5,1,4,6
RB_S4L1_m5,4,4,7,4,1,3,5
RB_S4L1_m5,5,4,4,7,1,3,6
RB_S4L1_m5,6,4,4,7,1,6,3
RB_S4L1_m5,7,4,4,7,1,6,3
RB_S4L1_m5,8,4,4,1,7,3,6
RB_S4L1_m5,9,4,4,7,1,3,9
RB_S4L1_m5,10,4,4,7,1,3,5
RB_S4L1_m5,11,4,4,7,1,3,5
RB_S4L1_m5,12,4,4,7,9,1,3
RB_S4L1_m5,13,4,4,7,3,9,1
RB_S4L1_m5,14,4,4,7,3,9,1
RB_S4L1_m5,15,4,4,7,3,9,1
RB_S4L1_m5,16,4,4,1,3,7,9
RB_S4L1_m5,17,4,4,7,3,1,5
RB_S4L1_m5,18,4,4,7,3,1,5
RB_S4L1_m5,19,4,4,3,7,1,5
RB_S8L1_fC10,0,4,4,1,5,6,9
RB_S8L1_fC10,1,4,4,1,5,6,9
RB_S8L1_fC10,2,4,4,1,5,6,9
RB_S8L1_fC10,3,4,4,1,5,6,9
RB_S8L1_fC10,4,4,4,1,5,6,9
RB_S8L1_fC10,5,4,4,1,5,6,9
RB_S8L1_fC10,6,4,4,1,5,6,9
RB_S8L1_fC10,7,4,4,1,5,9,6
RB_S8L1_fC10,8,4,4,1,5,6,9
RB_S8L1_fC10,9,4,4,1,5,9,6
RB_S8L1_fC12,0,4,4,1,7,5,3
RB_S8L1_fC12,1,4,4,1,7,5,3
RB_S8L1_fC12,2,4,4,1,7,5,3
RB_S8L1_fC12,3,4,4,1,7,5,3
RB_S8L1_fC12,4,4,4,1,7,5,3
RB_S8L1_fC12,5,4,4,1,7,5,3
RB_S8L1_fC12,6,4,4,1,7,5,3
RB_S8L1_fC12,7,4,4,1,7,5,3
RB_S8L1_fC12,8,4,4,1,7,5,3
RB_S8L1_fC12,9,4,4,1,7,5,3
RB_S4D2_fC13,0,4,4,2,7,3,6
RB_S4D2_fC13,1,4,4,2,3,7,6
RB_S4D2_fC13,2,4,4,2,7,6,3
RB_S4D2_fC13,3,4,4,7,2,3,6
RB_S4D2_fC13,4,4,4,2,6,7,3
RB_S4D2_fC13,5,4,4,2,7,6,3
RB_S4D2_fC13,6,4,4,2,6,7,3
RB_S4D2_fC13,7,4,4,2,7,6,3
RB_S4D2_fC13,8,4,4,2,3,6,7
RB_S4D2_fC13,9,4,4,2,7,6,3
RB_S8L1_m5,0,4,7,4,3,1,5
RB_S8L1_m5,1,4,4,7,3,1,9
RB_S8L1_m5,2,4,4,7,3,1,5
RB_S8L1_m5,3,4,4,7,3,1,6
RB_S8L1_m5,4,4,3,4,9,1,7
RB_S8L1_m5,5,4,3,4,1,9,7
RB_S8L1_m5,6,4,4,3,1,9,7
RB_S8L1_m5,7,4,3,4,1,7,9
RB_S8L1_m5,8,4,4,5,3,1,7
RB_S8L1_m5,9,4,4,7,3,1,2
RB_S8L1_m5,10,4,4,7,3,1,2
RB_S8L1_m5,11,4,4,7,3,1,2
RB_S8L1_m5,12,4,4,9,3,1,7
RB_S8L1_m5,13,4,4,9,3,7,5
RB_S8L1_m5,14,4,4,9,3,7,1
RB_S8L1_m5,15,4,4,9,3,7,1
RB_S8L1_m5,16,4,7,1,4,3,9
RB_S8L1_m5,17,4,7,3,9,4,1
RB_S8L1_m5,18,4,7,3,4,9,1
RB_S8L1_m5,19,4,7,3,4,1,9
RB_S4L1_fC10,0,4,4,7,1,3,2
RB_S4L1_fC10,1,4,4,7,1,3,6
RB_S4L1_fC10,2,4,4,7,3,1,6
RB_S4L1_fC10,3,4,4,7,1,3,6
RB_S4L1_fC10,4,4,4,3,7,1,6
RB_S4L1_fC10,5,4,4,7,1,3,5
RB_S4L1_fC10,6,4,4,7,1,3,6
RB_S4L1_fC10,7,4,4,7,3,1,6
RB_S4L1_fC10,8,4,4,7,1,3,6
RB_S4L1_fC10,9,4,4,7,3,1,6
RB_S4L1_fC12,0,4,4,5,1,7,3
RB_S4L1_fC12,1,4,4,5,1,7,3
RB_S4L1_fC12,2,4,4,5,7,1,3
RB_S4L1_fC12,3,4,4,5,1,7,3
RB_S4L1_fC12,4,4,4,5,7,1,3
RB_S4L1_fC12,5,4,4,5,1,7,3
RB_S4L1_fC12,6,4,4,5,7,1,3
RB_S4L1_fC12,7,4,4,1,7,5,3
RB_S4L1_fC12,8,4,4,5,1,7,3
RB_S4L1_fC12,9,4,4,5,1,7,3
RB_S8L1_fC11,0,4,4,1,7,3,0
RB_S8L1_fC11,1,4,4,1,7,3,0
RB_S8L1_fC11,2,4,4,1,7,3,0
RB_S8L1_fC11,3,4,4,1,7,3,0
RB_S8L1_fC11,4,4,4,1,7,3,0
RB_S8L1_fC11,5,4,4,1,7,3,0
RB_S8L1_fC11,6,4,4,1,7,3,9
RB_S8L1_fC11,7,4,4,1,7,3,0
RB_S8L1_fC11,8,4,4,1,7,3,0
RB_S8L1_fC11,9,4,4,1,3,7,0
RB_S8L1_fC9,0,4,4,3,7,1,9
RB_S8L1_fC9,1,4,4,3,7,1,9
RB_S8L1_fC9,2,4,4,3,7,1,9
RB_S8L1_fC9,3,4,4,1,3,7,9
RB_S8L1_fC9,4,4,4,3,7,1,9
RB_S8L1_fC9,5,4,4,3,1,7,9
RB_S8L1_fC9,6,4,4,3,1,7,9
RB_S8L1_fC9,7,4,4,3,1,7,9
RB_S8L1_fC9,8,4,4,3,1,7,9
RB_S8L1_fC9,9,4,4,3,7,1,9
RB_S4D2_fC15,0,4,4,7,1,5,3
RB_S4D2_fC15,1,4,4,7,1,5,3
RB_S4D2_fC15,2,4,4,7,1,5,2
RB_S4D2_fC15,3,4,4,7,1,5,2
RB_S4D2_fC15,4,4,4,7,1,5,2
RB_S4D2_fC15,5,4,4,1,5,7,2
RB_S4D2_fC15,6,4,4,7,1,5,8
RB_S4D2_fC15,7,4,4,7,5,1,8
RB_S4D2_fC15,8,4,4,7,1,5,3
RB_S4D2_fC15,9,4,4,7,1,5,2
RB_S8D2_fC14,0,4,4,7,1,2,3
RB_S8D2_fC14,1,4,4,7,1,2,5
RB_S8D2_fC14,2,4,4,7,1,2,5
RB_S8D2_fC14,3,4,4,7,1,2,5
RB_S8D2_fC14,4,4,4,7,1,2,5
RB_S8D2_fC14,5,4,4,7,1,2,5
RB_S8D2_fC14,6,4,4,7,1,2,5
RB_S8D2_fC14,7,4,4,7,1,2,5
RB_S8D2_fC14,8,4,4,7,1,2,5
RB_S8D2_fC14,9,4,4,7,1,2,5
RB_S4D2_fC16,0,4,4,7,1,2,5
RB_S4D2_fC16,1,4,4,7,2,1,5
RB_S4D2_fC16,2,4,4,7,1,2,5
RB_S4D2_fC16,3,4,4,7,1,2,5
RB_S4D2_fC16,4,4,4,7,1,2,5
RB_S4D2_fC16,5,4,4,7,2,1,5
RB_S4D2_fC16,6,4,4,7,1,2,5
RB_S4D2_fC16,7,4,4,7,1,2,5
RB_S4D2_fC16,8,4,4,7,2,1,5
RB_S4D2_fC16,9,4,4,7,1,2,5
RB_S4L2_m4,0,4,4,5,7,3,2
RB_S4L2_m4,1,4,4,5,7,3,2
RB_S4L2_m4,2,4,4,5,6,7,3
RB_S4L2_m4,3,4,4,6,7,5,1
RB_S4L2_m4,4,4,4,6,7,5,1
RB_S4L2_m4,5,4,4,2,6,7,1
RB_S4L2_m4,6,4,4,3,7,2,1
RB_S4L2_m4,7,4,4,2,5,6,7
RB_S4L2_m4,8,4,4,5,7,3,0
RB_S4L2_m4,9,4,4,5,7,0,3
RB_S4L2_m4,10,4,4,7,1,6,3
RB_S4L2_m4,11,4,4,3,7,6,2
RB_S4L2_m4,12,4,4,6,3,7,2
RB_S4L2_m4,13,4,4,5,7,3,6
RB_S4L2_m4,14,4,4,7,3,9,5
RB_S8D2_fC13,0,4,4,7,9,1,2
RB_S8D2_fC13,1,4,4,7,9,1,3
RB_S8D2_fC13,2,4,4,9,1,7,2
RB_S8D2_fC13,3,4,4,9,1,7,2
RB_S8D2_fC13,4,4,4,1,7,9,2
RB_S8D2_fC13,5,4,4,1,7,9,2
RB_S8D2_fC13,6,4,4,1,7,9,2
RB_S8D2_fC13,7,4,4,1,7,2,9
RB_S8D2_fC13,8,4,4,1,7,2,9
RB_S8D2_fC13,9,4,4,1,7,2,9
RB_S4K2_m5,0,4,4,7,2,6,3
RB_S4K2_m5,1,4,4,2,7,6,1
RB_S4K2_m5,2,4,4,2,6,7,5
RB_S4K2_m5,3,4,4,1,7,5,0
RB_S4K2_m5,4,4,4,1,7,5,0
RB_S4K2_m5,5,4,4,1,2,5,3
RB_S4K2_m5,6,4,4,5,1,7,2
RB_S4K2_m5,7,4,1,4,0,3,7
RB_S4K2_m5,8,4,7,3,4,2,9
RB_S4K2_m5,9,4,4,0,3,7,1
RB_S4K2_m5,10,4,4,0,3,7,1
RB_S4K2_m5,11,4,4,0,3,1,7
RB_S4K2_m5,12,4,3,4,7,0,5
RB_S4K2_m5,13,4,3,0,1,4,7
RB_S4K2_m5,14,4,7,1,0,4,2
RB_S4K2_m5,15,4,4,7,0,3,1
RB_S4K2_m5,16,4,4,3,0,1,2
RB_S4K2_m5,17,4,4,0,3,7,1
RB_S4K2_m5,18,4,4,3,7,0,5
RB_S4K2_m5,19,4,4,1,3,2,5
RB_S4K2_m5,20,4,4,5,1,2,0
RB_S4K2_m5,21,4,4,1,7,5,0
RB_S4K2_m5,22,4,4,1,7,5,2
RB_S4K2_m5,23,4,4,2,7,3,6
RB_S4K2_m5,24,4,4,2,7,6,1
RB_S4K2_m5,25,4,4,6,5,7,2
RB_S4K2_m5,26,4,4,1,7,5,0
RB_S4K2_m5,27,4,4,1,7,5,0
RB_S4K2_m5,28,4,4,1,0,2,5
RB_S4K2_m5,29,4,4,5,1,2,3
RB_S4K2_m5,30,4,4,3,2,5,1
RB_S4K2_m5,31,4,4,0,3,7,1
RB_S4K2_m5,32,4,4,0,3,1,2
RB_S4K2_m5,33,4,4,3,0,7,2
RB_S4K2_m5,34,4,4,1,3,7,0
RB_S4K2_m5,35,4,4,1,7,3,0
RB_S4K2_m5,36,4,4,3,1,0,7
RB_S4K2_m5,37,4,4,0,3,7,1
RB_S4K2_m5,38,4,4,2,3,7,5
RB_S4K2_m5,39,4,4,5,1,7,0
RB_S4L1_fC11,0,4,4,1,7,3,0
RB_S4L1_fC11,1,4,4,1,7,3,0
RB_S4L1_fC11,2,4,4,1,3,7,0
RB_S4L1_fC11,3,4,4,1,7,3,0
RB_S4L1_fC11,4,4,4,1,7,3,0
RB_S4L1_fC11,5,4,4,1,7,6,3
RB_S4L1_fC11,6,4,4,1,7,3,6
RB_S4L1_fC11,7,4,4,1,7,3,0
RB_S4L1_fC11,8,4,4,1,7,3,0
RB_S4L1_fC9,0,4,4,1,7,3,6
RB_S4L1_fC9,1,4,4,7,1,3,2
RB_S4L1_fC9,2,4,4,1,7,3,2
RB_S4L1_fC9,3,4,4,1,7,3,2
RB_S4L1_fC9,4,4,4,1,7,3,2
RB_S4L1_fC9,5,4,4,1,7,3,2
RB_S4L1_fC9,6,4,4,1,7,2,3
RB_S4L1_fC9,7,4,4,1,7,3,2
RB_S4L1_fC9,8,4,4,1,7,3,2
RB_S4L1_fC9,9,4,4,1,7,3,2
RB_S8L2_m4,0,4,4,7,3,6,2
RB_S8L2_m4,1,4,4,7,3,6,2
RB_S8L2_m4,2,4,4,1,5,7,3
RB_S8L2_m4,3,4,4,1,5,7,3
RB_S8L2_m4,4,4,4,3,7,9,6
RB_S8L2_m4,5,4,4,3,7,6,9
RB_S8L2_m4,6,4,4,7,3,6,9
RB_S8L2_m4,7,4,4,7,6,5,3
RB_S8L2_m4,8,4,4,3,9,6,7
RB_S8L2_m4,9,4,4,7,3,1,5
RB_S8L2_m4,10,4,4,7,1,3,9
RB_S8L2_m4,11,4,4,5,6,3,1
RB_S8L2_m4,12,4,4,7,3,6,5
RB_S8L2_m4,13,4,4,7,9,6,3
RB_S8L2_m4,14,4,4,3,7,6,9
RB_S8K2_m5,0,4,4,5,1,6,2
RB_S8K2_m5,1,4,4,5,1,0,7
RB_S8K2_m5,2,4,4,5,7,0,3
RB_S8K2_m5,3,4,4,5,1,2,7
RB_S8K2_m5,4,4,4,1,2,5,7
RB_S8K2_m5,5,4,4,1,5,2,7
RB_S8K2_m5,6,4,4,7,3,5,2
RB_S8K2_m5,7,4,4,5,3,1,2
RB_S8K2_m5,8,4,4,5,3,2,1
RB_S8K2_m5,9,4,4,3,5,2,7
RB_S8K2_m5,10,4,4,3,1,7,2
RB_S8K2_m5,11,4,4,3,5,1,2
RB_S8K2_m5,12,4,4,3,5,1,2
RB_S8K2_m5,13,4,4,3,5,1,2
RB_S8K2_m5,14,4,4,3,7,0,2
RB_S8K2_m5,15,4,4,2,5,1,7
RB_S8K2_m5,16,4,4,6,1,2,3
RB_S8K2_m5,17,4,4,6,2,1,3
RB_S8K2_m5,18,4,4,1,2,6,7
RB_S8K2_m5,19,4,4,1,2,6,7
RB_S8K2_m5,20,4,4,1,2,6,7
RB_S8K2_m5,21,4,4,1,2,6,7
RB_S8K2_m5,22,4,4,2,5,1,6
RB_S8K2_m5,23,4,2,6,4,1,3
RB_S8K2_m5,24,4,4,3,2,1,6
RB_S8K2_m5,25,4,4,3,0,1,5
RB_S8K2_m5,26,4,4,3,1,5,2
RB_S8K2_m5,27,4,4,3,5,7,6
RB_S8K2_m5,28,4,4,3,5,7,0
RB_S8K2_m5,29,4,4,3,6,2,1
RB_S8K2_m5,30,4,4,5,2,3,1
RB_S8K2_m5,31,4,4,1,2,7,5
RB_S8K2_m5,32,4,4,1,5,2,7
RB_S8K2_m5,33,4,4,1,7,2,5
RB_S8K2_m5,34,4,4,7,2,3,5
RB_S8K2_m5,35,4,4,3,5,2,1
RB_S8K2_m5,36,4,4,3,1,5,0
RB_S8K2_m5,37,4,4,3,0,5,2
RB_S8K2_m5,38,4,4,2,5,1,7
RB_S8K2_m5,39,4,4,1,2,6,7
RB_S8D2_fC16,0,4,4,7,5,2,6
RB_S8D2_fC16,1,4,4,7,2,1,5
RB_S8D2_fC16,2,4,4,7,2,5,1
RB_S8D2_fC16,3,4,4,7,2,1,6
RB_S8D2_fC16,4,4,4,7,2,5,1
RB_S8D2_fC16,5,4,4,7,2,5,1
RB_S8D2_fC16,6,4,4,7,2,1,5
RB_S8D2_fC16,7,4,4,7,5,6,2
RB_S8D2_fC16,8,4,4,5,7,2,6
RB_S8D2_fC16,9,4,4,1,7,5,2
RB_S8D2_fC15,0,4,4,2,1,7,3
RB_S8D2_fC15,1,4,4,2,1,7,3
RB_S8D2_fC15,2,4,4,2,7,1,3
RB_S8D2_fC15,3,4,4,2,7,1,3
RB_S8D2_fC15,4,4,4,2,7,1,3
RB_S8D2_fC15,5,4,4,2,1,7,3
RB_S8D2_fC15,6,4,4,2,1,7,3
RB_S8D2_fC15,7,4,4,2,1,3,7
RB_S8D2_fC15,8,4,4,2,1,3,7
RB_S8D2_fC15,9,4,4,2,1,3,7
RB_S4D2_fC14,0,4,4,2,6,7,1
RB_S4D2_fC14,1,4,4,2,6,7,1
RB_S4D2_fC14,2,4,4,2,7,6,1
RB_S4D2_fC14,3,4,4,2,6,7,1
RB_S4D2_fC14,4,4,4,2,6,7,1
RB_S4D2_fC14,5,4,4,2,6,7,1
RB_S4D2_fC14,6,4,4,2,6,7,1
RB_S4D2_fC14,7,4,4,2,6,7,1
RB_S4D2_fC14,8,4,4,2,7,6,1
RB_S4D2_fC14,9,4,4,2,7,6,3
Wa_S4D2_fC13,0,8,3,8,4,6,7
Wa_S4D2_fC13,1,8,8,3,6,7,4
Wa_S4D2_fC13,2,8,3,8,6,7,2
Wa_S4D2_fC13,3,8,3,8,6,7,0
Wa_S4D2_fC13,4,8,3,8,7,6,4
Wa_S4D2_fC13,5,8,8,3,6,7,4
Wa_S4D2_fC13,6,8,3,8,6,7,4
Wa_S4D2_fC13,7,8,3,8,6,7,0
Wa_S4D2_fC13,8,8,8,3,6,7,4
Wa_S4D2_fC13,9,8,3,8,6,7,4
Wa_S4D2_fC13,10,8,8,3,6,7,4
Wa_S4D2_fC13,11,8,8,3,7,6,4
Wa_S4D2_fC13,12,8,3,8,6,7,0
Wa_S4D2_fC13,13,8,3,8,6,7,0
Wa_S4D2_fC13,14,8,8,3,6,7,4
Wa_S4D2_fC13,15,8,8,3,6,7,4
Wa_S4D2_fC13,16,8,3,8,6,7,2
Wa_S4D2_fC13,17,8,3,8,6,7,4
Wa_S4D2_fC13,18,8,8,3,6,7,4
Wa_S4D2_fC13,19,8,3,8,7,6,4
Wa_S8L2_fC22,0,8,8,9,0,3,7
Wa_S8L2_fC22,1,8,8,3,9,0,1
Wa_S8L2_fC22,2,8,8,3,0,9,7
Wa_S8L2_fC22,3,8,9,8,7,3,1
Wa_S8L2_fC22,4,8,8,9,3,7,0
Wa_S8L2_fC22,5,8,9,8,7,3,1
Wa_S8L2_fC22,6,8,8,9,3,0,7
Wa_S8L2_fC22,7,8,9,8,3,7,0
Wa_S8L2_fC22,8,8,8,9,7,3,0
Wa_S8L2_fC22,9,8,8,9,1,0,3
Wa_S8L2_fC22,10,8,8,9,3,7,0
Wa_S8L2_fC22,11,8,8,3,9,1,0
Wa_S8L2_fC22,12,8,8,9,3,7,0
Wa_S8L2_fC22,13,8,8,3,0,9,4
Wa_S8L2_fC22,14,8,8,9,3,7,0
Wa_S8L2_fC22,15,8,8,9,3,0,7
Wa_S8L2_fC22,16,8,8,9,3,7,0
Wa_S8L2_fC22,17,8,8,9,3,0,7
Wa_S8L2_fC22,18,8,8,9,3,0,7
Wa_S8L2_fC22,19,8,8,9,3,7,6
Wa_S4L2_fC23,0,8,8,3,7,1,9
Wa_S4L2_fC23,1,8,8,3,7,9,1
Wa_S4L2_fC23,2,8,8,3,7,9,1
Wa_S4L2_fC23,3,8,8,3,7,9,1
Wa_S4L2_fC23,4,8,8,7,3,9,4
Wa_S4L2_fC23,5,8,8,3,1,7,4
Wa_S4L2_fC23,6,8,8,3,7,4,0
Wa_S4L2_fC23,7,8,8,3,7,4,9
Wa_S4L2_fC23,8,8,8,3,7,1,9
Wa_S4L2_fC23,9,8,8,3,7,9,1
Wa_S4L2_fC23,10,8,8,3,4,7,0
Wa_S4L2_fC23,11,8,8,3,7,9,4
Wa_S4L2_fC23,12,8,8,7,9,3,1
Wa_S4L2_fC23,13,8,8,3,7,9,1
Wa_S4L2_fC23,14,8,8,3,7,9,1
Wa_S4L2_fC23,15,8,8,3,7,1,9
Wa_S4L2_fC23,16,8,8,7,3,9,1
Wa_S4L2_fC23,17,8,8,7,9,3,1
Wa_S4L2_fC23,18,8,8,7,3,1,9
Wa_S4L2_fC23,19,8,8,3,4,7,0
Wa_S4L2_fC23,20,8,8,7,3,1,9
Wa_S4L2_fC23,21,8,8,3,7,4,9
Wa_S4L2_fC23,22,8,8,7,9,3,1
Wa_S4L2_fC23,23,8,8,3,0,4,9
Wa_S4L2_fC23,24,8,8,9,3,0,7
Wa_S4L2_fC23,25,8,8,7,3,9,1
Wa_S4L2_fC23,26,8,8,7,9,3,1
Wa_S4L2_fC23,27,8,8,7,9,3,1
Wa_S4L2_fC23,28,8,8,3,9,4,7
Wa_S4L2_fC23,29,8,8,3,7,9,4
Wa_S4L2_fC23,30,8,8,3,7,1,9
Wa_S4L2_fC23,31,8,8,3,4,7,0
Wa_S4L2_fC23,32,8,8,3,7,4,1
Wa_S4L2_fC23,33,8,8,3,1,4,7
Wa_S4L2_fC23,34,8,8,3,7,9,4
Wa_S4L2_fC23,35,8,8,7,3,9,1
Wa_S4L2_fC23,36,8,8,3,9,1,7
Wa_S4L2_fC23,37,8,8,7,9,3,1
Wa_S4L2_fC23,38,8,8,7,9,3,1
Wa_S4L2_fC23,39,8,8,3,1,9,7
Wa_S4L1_fC9,0,8,3,8,9,4,0
Wa_S4L1_fC9,1,8,8,3,0,4,7
Wa_S4L1_fC9,2,8,8,3,9,4,0
Wa_S4L1_fC9,3,8,8,3,9,4,7
Wa_S4L1_fC9,4,8,8,3,0,1,4
Wa_S4L1_fC9,5,8,8,3,0,4,9
Wa_S4L1_fC9,6,8,8,3,9,4,0
Wa_S4L1_fC9,7,8,8,3,9,4,0
Wa_S4L1_fC9,8,8,8,3,0,4,9
Wa_S4L1_fC9,9,8,8,3,0,9,7
Wa_S4L1_fC9,10,8,8,9,3,7,4
Wa_S4L1_fC9,11,8,8,3,9,4,1
Wa_S4L1_fC9,12,8,8,3,9,4,0
Wa_S4L1_fC9,13,8,8,3,9,0,4
Wa_S4L1_fC9,14,8,8,3,4,0,9
Wa_S4L1_fC9,15,8,8,3,4,0,9
Wa_S4L1_fC9,16,8,8,3,9,6,7
Wa_S4L1_fC9,17,8,8,3,0,4,9
Wa_S4L1_fC9,18,8,8,3,0,4,9
Wa_S4L1_fC9,19,8,8,3,9,4,0
Wa_S4L2_fC22,0,8,8,9,3,1,4
Wa_S4L2_fC22,1,8,8,9,3,1,4
Wa_S4L2_fC22,2,8,8,3,9,4,1
Wa_S4L2_fC22,3,8,8,9,3,4,1
Wa_S4L2_fC22,4,8,8,9,3,1,6
Wa_S4L2_fC22,5,8,8,9,3,4,1
Wa_S4L2_fC22,6,8,8,9,3,4,6
Wa_S4L2_fC22,7,8,8,9,3,1,6
Wa_S4L2_fC22,8,8,8,9,3,1,6
Wa_S4L2_fC22,9,8,8,9,3,4,1
Wa_S4L2_fC22,10,8,8,9,3,4,7
Wa_S4L2_fC22,11,8,8,3,9,1,4
Wa_S4L2_fC22,12,8,8,9,3,4,1
Wa_S4L2_fC22,13,8,8,3,9,4,1
Wa_S4L2_fC22,14,8,8,9,3,4,1
Wa_S4L2_fC22,15,8,8,9,3,4,1
Wa_S4L2_fC22,16,8,8,9,3,1,4
Wa_S4L2_fC22,17,8,8,9,3,6,4
Wa_S4L2_fC22,18,8,8,9,3,4,1
Wa_S4L2_fC22,19,8,8,9,3,4,1
Wa_S4L2_fC22,20,8,8,9,3,4,1
Wa_S4L2_fC22,21,8,8,3,9,4,1
Wa_S4L2_fC22,22,8,8,3,9,4,1
Wa_S4L2_fC22,23,8,8,9,3,4,1
Wa_S4L2_fC22,24,8,8,9,3,4,1
Wa_S4L2_fC22,25,8,8,9,3,6,4
Wa_S4L2_fC22,26,8,8,9,3,1,4
Wa_S4L2_fC22,27,8,8,9,3,1,4
Wa_S4L2_fC22,28,8,8,9,3,4,1
Wa_S4L2_fC22,29,8,8,9,3,1,4
Wa_S4L2_fC22,30,8,8,3,9,4,1
Wa_S4L2_fC22,31,8,8,9,3,6,4
Wa_S4L2_fC22,32,8,8,9,3,7,4
Wa_S4L2_fC22,33,8,8,9,3,1,4
Wa_S4L2_fC22,34,8,8,9,3,4,6
Wa_S4L2_fC22,35,8,8,9,3,6,7
Wa_S4L2_fC22,36,8,8,3,9,1,4
Wa_S4L2_fC22,37,8,8,9,3,4,1
Wa_S4L2_fC22,38,8,8,9,3,4,5
Wa_S4L2_fC22,39,8,8,9,3,4,1
Wa_S8L2_fC24,0,8,9,8,3,2,4
Wa_S8L2_fC24,1,8,8,9,3,4,0
Wa_S8L2_fC24,2,8,9,8,3,4,1
Wa_S8L2_fC24,3,8,9,8,3,4,2
Wa_S8L2_fC24,4,8,8,9,3,4,2
Wa_S8L2_fC24,5,8,8,9,3,4,2
Wa_S8L2_fC24,6,8,9,8,3,4,2
Wa_S8L2_fC24,7,8,8,9,3,4,2
Wa_S8L2_fC24,8,8,8,3,9,4,2
Wa_S8L2_fC24,9,8,8,9,3,4,0
Wa_S8L2_fC24,10,8,9,8,3,2,1
Wa_S8L2_fC24,11,8,8,3,9,2,0
Wa_S8L2_fC24,12,8,9,8,3,2,4
Wa_S8L2_fC24,13,8,9,8,3,4,2
Wa_S8L2_fC24,14,8,9,8,3,2,4
Wa_S8L2_fC24,15,8,9,8,3,4,2
Wa_S8L2_fC24,16,8,9,8,3,2,4
Wa_S8L2_fC24,17,8,9,8,3,4,2
Wa_S8L2_fC24,18,8,8,9,3,2,4
Wa_S8L2_fC24,19,8,8,3,9,0,4
Wa_S8L2_fC24,20,8,9,8,3,2,4
Wa_S8L2_fC24,21,8,9,8,3,2,4
Wa_S8L2_fC24,22,8,8,3,9,0,4
Wa_S8L2_fC24,23,8,8,9,3,2,4
Wa_S8L2_fC24,24,8,9,8,3,4,2
Wa_S8L2_fC24,25,8,9,8,3,2,4
Wa_S8L2_fC24,26,8,8,3,9,4,2
Wa_S8L2_fC24,27,8,8,9,3,4,0
Wa_S8L2_fC24,28,8,8,9,3,4,2
Wa_S8L2_fC24,29,8,9,8,3,2,4
Wa_S8L2_fC24,30,8,9,8,3,4,2
Wa_S8L2_fC24,31,8,9,8,3,4,2
Wa_S8L2_fC24,32,8,9,8,3,4,2
Wa_S8L2_fC24,33,8,9,8,3,4,2
Wa_S8L2_fC24,34,8,9,8,3,4,2
Wa_S8L2_fC24,35,8,9,3,8,4,0
Wa_S8L2_fC24,36,8,8,9,3,2,4
Wa_S8L2_fC24,37,8,9,8,3,2,1
Wa_S8L2_fC24,38,8,8,9,3,4,2
Wa_S8L2_fC24,39,8,8,9,3,4,0
Wa_S4L2_fC21,0,8,8,9,3,4,1
Wa_S4L2_fC21,1,8,8,9,4,3,7
Wa_S4L2_fC21,2,8,8,9,3,4,1
Wa_S4L2_fC21,3,8,9,8,4,7,3
Wa_S4L2_fC21,4,8,9,8,4,7,3
Wa_S4L2_fC21,5,8,8,9,3,1,4
Wa_S4L2_fC21,6,8,8,9,3,4,7
Wa_S4L2_fC21,7,8,8,9,3,4,7
Wa_S4L2_fC21,8,8,9,8,4,7,3
Wa_S4L2_fC21,9,8,8,3,9,4,1
Wa_S4L2_fC21,10,8,8,9,4,3,1
Wa_S4L2_fC21,11,8,8,3,9,4,1
Wa_S4L2_fC21,12,8,8,9,4,3,7
Wa_S4L2_fC21,13,8,8,9,4,3,7
Wa_S4L2_fC21,14,8,9,8,4,7,3
Wa_S4L2_fC21,15,8,8,9,3,4,1
Wa_S4L2_fC21,16,8,8,9,3,4,1
Wa_S4L2_fC21,17,8,8,9,3,4,7
Wa_S4L2_fC21,18,8,8,3,9,4,7
Wa_S4L2_fC21,19,8,8,3,9,4,1
Wa_S4L2_fC21,20,8,9,8,4,7,3
Wa_S4L2_fC21,21,8,8,3,9,4,1
Wa_S4L2_fC21,22,8,8,3,9,4,1
Wa_S4L2_fC21,23,8,8,9,3,4,1
Wa_S4L2_fC21,24,8,8,3,9,4,7
Wa_S4L2_fC21,25,8,8,9,3,4,1
Wa_S4L2_fC21,26,8,8,3,9,4,1
Wa_S4L2_fC21,27,8,8,9,3,4,7
Wa_S4L2_fC21,28,8,8,9,3,4,1
Wa_S4L2_fC21,29,8,8,3,9,4,7
Wa_S4L2_fC21,30,8,9,8,4,7,3
Wa_S4L2_fC21,31,8,8,9,3,4,1
Wa_S4L2_fC21,32,8,8,3,9,4,1
Wa_S4L2_fC21,33,8,8,9,3,4,1
Wa_S4L2_fC21,34,8,8,9,3,4,7
Wa_S4L2_fC21,35,8,8,3,9,4,1
Wa_S4L2_fC21,36,8,9,8,4,7,3
Wa_S4L2_fC21,37,8,9,8,3,4,1
Wa_S4L2_fC21,38,8,8,9,3,4,1
Wa_S4L2_fC21,39,8,8,9,3,4,1
Wa_S8L2_fC21,0,8,9,8,3,0,1
Wa_S8L2_fC21,1,8,9,8,1,4,3
Wa_S8L2_fC21,2,8,9,8,3,1,0
Wa_S8L2_fC21,3,8,8,9,3,1,4
Wa_S8L2_fC21,4,8,9,8,3,1,4
Wa_S8L2_fC21,5,8,8,9,1,3,0
Wa_S8L2_fC21,6,8,8,9,3,1,4
Wa_S8L2_fC21,7,8,9,8,3,1,4
Wa_S8L2_fC21,8,8,8,9,3,1,2
Wa_S8L2_fC21,9,8,8,9,1,3,0
Wa_S8L2_fC21,10,8,8,9,1,4,0
Wa_S8L2_fC21,11,8,8,9,3,1,0
Wa_S8L2_fC21,12,8,9,8,1,7,4
Wa_S8L2_fC21,13,8,8,9,1,4,0
Wa_S8L2_fC21,14,8,9,8,3,1,4
Wa_S8L2_fC21,15,8,9,8,3,0,1
Wa_S8L2_fC21,16,8,9,8,3,1,4
Wa_S8L2_fC21,17,8,8,9,1,3,0
Wa_S8L2_fC21,18,8,8,9,1,0,4
Wa_S8L2_fC21,19,8,9,8,3,1,2
Wa_S8L2_fC21,20,8,8,9,3,0,1
Wa_S8L2_fC21,21,8,9,8,1,3,2
Wa_S8L2_fC21,22,8,8,9,1,0,4
Wa_S8L2_fC21,23,8,8,9,3,1,0
Wa_S8L2_fC21,24,8,8,9,3,1,0
Wa_S8L2_fC21,25,8,8,9,1,4,3
Wa_S8L2_fC21,26,8,9,8,3,1,4
Wa_S8L2_fC21,27,8,8,9,1,4,6
Wa_S8L2_fC21,28,8,8,9,3,0,1
Wa_S8L2_fC21,29,8,9,8,3,1,4
Wa_S8L2_fC21,30,8,8,9,1,3,0
Wa_S8L2_fC21,31,8,9,8,3,1,2
Wa_S8L2_fC21,32,8,8,9,1,0,3
Wa_S8L2_fC21,33,8,8,9,1,3,4
Wa_S8L2_fC21,34,8,8,9,3,1,0
Wa_S8L2_fC21,35,8,8,9,3,1,6
Wa_S8L2_fC21,36,8,8,9,1,0,3
Wa_S8L2_fC21,37,8,9,8,1,3,4
Wa_S8L2_fC21,38,8,9,8,3,1,4
Wa_S8L2_fC21,39,8,9,8,1,3,4
Wa_S8L2_fC23,0,8,8,3,7,4,0
Wa_S8L2_fC23,1,8,8,3,4,0,7
Wa_S8L2_fC23,2,8,8,3,7,4,1
Wa_S8L2_fC23,3,8,8,3,7,4,0
Wa_S8L2_fC23,4,8,8,3,7,4,0
Wa_S8L2_fC23,5,8,8,3,4,7,0
Wa_S8L2_fC23,6,8,8,3,7,4,0
Wa_S8L2_fC23,7,8,8,3,7,4,1
Wa_S8L2_fC23,8,8,8,3,7,4,0
Wa_S8L2_fC23,9,8,8,3,7,0,4
Wa_S8L2_fC23,10,8,8,3,4,7,0
Wa_S8L2_fC23,11,8,8,3,4,0,7
Wa_S8L2_fC23,12,8,8,3,7,4,9
Wa_S8L2_fC23,13,8,8,3,7,4,9
Wa_S8L2_fC23,14,8,8,3,7,4,1
Wa_S8L2_fC23,15,8,8,3,7,4,0
Wa_S8L2_fC23,16,8,8,3,7,4,9
Wa_S8L2_fC23,17,8,8,3,7,4,0
Wa_S8L2_fC23,18,8,8,3,7,4,9
Wa_S8L2_fC23,19,8,8,3,7,4,9
Wa_S8L2_fC23,20,8,8,3,4,7,0
Wa_S8L2_fC23,21,8,8,3,7,0,4
Wa_S8L2_fC23,22,8,8,3,7,4,9
Wa_S8L2_fC23,23,8,8,3,7,4,1
Wa_S8L2_fC23,24,8,8,3,7,1,4
Wa_S8L2_fC23,25,8,8,3,4,7,0
Wa_S8L2_fC23,26,8,8,3,4,0,7
Wa_S8L2_fC23,27,8,8,3,0,7,4
Wa_S8L2_fC23,28,8,8,3,7,4,0
Wa_S8L2_fC23,29,8,8,3,7,4,1
Wa_S8L2_fC23,30,8,8,3,4,7,0
Wa_S8L2_fC23,31,8,8,3,7,4,0
Wa_S8L2_fC23,32,8,8,3,7,4,9
Wa_S8L2_fC23,33,8,8,3,7,4,0
Wa_S8L2_fC23,34,8,8,3,0,7,4
Wa_S8L2_fC23,35,8,8,3,7,4,0
Wa_S8L2_fC23,36,8,8,3,4,7,0
Wa_S8L2_fC23,37,8,8,3,0,7,4
Wa_S8L2_fC23,38,8,8,3,4,7,0
Wa_S8L2_fC23,39,8,8,3,7,4,1
Wa_S8D2_fC13,0,8,8,3,4,7,6
Wa_S8D2_fC13,1,8,3,8,7,4,6
Wa_S8D2_fC13,2,8,8,3,6,4,7
Wa_S8D2_fC13,3,8,3,8,7,6,4
Wa_S8D2_fC13,4,8,3,8,7,6,4
Wa_S8D2_fC13,5,8,3,8,7,6,4
Wa_S8D2_fC13,6,8,3,8,6,7,4
Wa_S8D2_fC13,7,8,8,3,6,7,4
Wa_S8D2_fC13,8,8,3,8,6,7,4
Wa_S8D2_fC13,9,8,3,8,7,6,4
Wa_S8D2_fC13,10,8,8,3,4,7,6
Wa_S8D2_fC13,11,8,3,8,7,6,9
Wa_S8D2_fC13,12,8,8,3,4,6,7
Wa_S8D2_fC13,13,8,3,8,6,7,4
Wa_S8D2_fC13,14,8,3,8,6,4,7
Wa_S8D2_fC13,15,8,8,3,6,7,4
Wa_S8D2_fC13,16,8,8,3,6,7,4
Wa_S8D2_fC13,17,8,8,3,6,7,9
Wa_S8D2_fC13,18,8,3,8,6,7,4
Wa_S8D2_fC13,19,8,3,8,0,6,7
Co_S4K1_fC7,0,0,0,1,2,7,5
Co_S4K1_fC7,1,0,0,2,7,1,4
Co_S4K1_fC7,2,0,0,7,1,2,3
Co_S4K1_fC7,3,0,0,5,2,1,7
Co_S4K1_fC7,4,0,0,7,1,3,2
Co_S4K1_fC7,5,0,0,1,2,7,5
Co_S4K1_fC7,6,0,0,3,2,1,7
Co_S4K1_fC7,7,0,0,1,2,7,5
Co_S4K1_fC7,8,0,0,1,2,7,5
Co_S4K1_fC7,9,0,0,2,7,1,5
Co_S4K1_fC7,10,0,0,1,2,7,5
Co_S4K1_fC7,11,0,0,2,7,1,5
Co_S4K1_fC7,12,0,0,1,2,7,3
Co_S4K1_fC7,13,0,0,1,2,7,5
Co_S4K1_fC7,14,0,0,1,2,3,7
Co_S4K1_fC7,15,0,0,1,2,7,3
Co_S4K1_fC7,16,0,0,2,1,7,3
Co_S4K1_fC7,17,0,0,1,2,3,7
Co_S4K1_fC7,18,0,0,1,2,7,3
Co_S4K1_fC7,19,0,0,1,2,7,3
Co_S4K1_fC7,20,0,0,2,1,3,7
Co_S4K1_fC7,21,0,0,2,3,1,6
Co_S4K1_m3,0,0,0,1,7,4,2
Co_S4K1_m3,1,0,0,1,7,4,2
Co_S4K1_m3,2,0,0,1,7,2,5
Co_S4K1_m3,3,0,0,1,7,3,2
Co_S4K1_m3,4,0,0,1,7,3,2
Co_S4K1_m3,5,0,0,7,1,2,3
Co_S4K1_m3,6,0,0,1,7,2,3
Co_S4K1_m3,7,0,0,1,7,2,3
Co_S4K1_m3,8,0,0,2,1,7,6
Co_S4K1_m3,9,0,0,3,7,2,6
Co_S4K1_m3,10,0,0,3,7,2,6
Co_S4K1_m3,11,0,0,7,3,2,6
Co_S4K1_m3,12,0,0,3,7,6,2
Co_S8K1_fC5,0,0,0,7,3,6,2
Co_S8K1_fC5,1,0,0,7,3,2,6
Co_S8K1_fC5,2,0,0,3,7,2,6
Co_S8K1_fC5,3,0,3,0,7,2,4
Co_S8K1_fC5,4,0,3,0,7,4,1
Co_S8K1_fC5,5,0,0,2,7,3,9
Co_S8K1_fC5,6,0,0,7,3,2,9
Co_S8K1_fC5,7,0,3,0,7,6,1
Co_S8K1_fC5,8,0,3,0,7,6,4
Co_S8K1_fC5,9,0,3,0,7,1,6
Co_S8K1_fC5,10,0,3,7,0,6,1
Co_S8K1_fC5,11,0,0,3,6,7,2
Co_S8K1_fC5,12,0,0,3,1,6,7
Co_S8K1_fC5,13,0,3,0,6,7,2
Co_S8K1_fC5,14,0,3,0,6,7,2
Co_S8K1_fC5,15,0,0,3,6,7,2
Co_S8K1_fC5,16,0,3,0,6,7,8
Co_S8K1_fC5,17,0,0,3,6,1,7
Co_S8K1_fC5,18,0,0,3,6,7,1
Co_S8K1_fC5,19,0,0,3,6,9,7
Co_S8K1_fC5,20,0,0,3,6,2,7
Co_S4K2_fC17,0,0,0,2,7,6,3
Co_S4K2_fC17,1,0,0,2,7,6,3
Co_S4K2_fC17,2,0,0,7,2,6,3
Co_S4K2_fC17,3,0,0,3,7,2,9
Co_S4K2_fC17,4,0,0,2,7,6,3
Co_S4K2_fC17,5,0,0,7,2,6,3
Co_S4K2_fC17,6,0,0,3,2,6,7
Co_S4K2_fC17,7,0,0,7,3,2,6
Co_S4K2_fC17,8,0,0,2,3,7,4
Co_S4K2_fC17,9,0,0,2,3,7,6
Co_S4K2_fC17,10,0,0,7,2,3,5
Co_S4K2_fC17,11,0,0,2,7,3,5
Co_S4K2_fC17,12,0,0,7,2,3,6
Co_S4K2_fC17,13,0,0,3,7,2,5
Co_S4K2_fC17,14,0,0,3,7,2,5
Co_S4K2_fC17,15,0,0,2,3,7,5
Co_S4K2_fC17,16,0,0,2,3,7,9
Co_S4K2_fC17,17,0,0,7,3,2,6
Co_S8K2_fC17,0,0,0,3,6,2,7
Co_S8K2_fC17,1,0,0,3,7,6,5
Co_S8K2_fC17,2,0,0,6,3,7,2
Co_S8K2_fC17,3,0,0,6,3,2,7
Co_S8K2_fC17,4,0,0,3,7,6,1
Co_S8K2_fC17,5,0,0,6,3,7,2
Co_S8K2_fC17,6,0,0,3,6,7,2
Co_S8K2_fC17,7,0,0,3,6,5,7
Co_S8K2_fC17,8,0,0,3,7,6,2
Co_S8K2_fC17,9,0,0,7,3,2,5
Co_S8K2_fC17,10,0,0,7,2,3,6
Co_S8K2_fC17,11,0,0,2,7,6,3
Co_S8K2_fC17,12,0,0,2,7,6,3
Co_S8K2_fC17,13,0,0,7,2,6,3
Co_S8K2_fC17,14,0,0,7,6,2,3
Co_S8K2_fC17,15,0,0,7,2,6,3
Co_S8K2_fC17,16,0,0,3,2,7,6
Co_S8K2_fC17,17,0,0,7,2,3,6
Co_S8K2_fC17,18,0,0,7,6,2,3
Co_S8K2_fC17,19,0,0,7,2,6,3
Co_S8K2_fC17,20,0,0,7,2,3,9
Co_S8K2_fC17,21,0,0,7,2,3,9
Co_S8K2_fC17,22,0,0,3,2,7,6
Co_S4K1_fC6,0,0,0,3,1,7,4
Co_S4K1_fC6,1,0,0,7,3,5,2
Co_S4K1_fC6,2,0,0,2,3,7,5
Co_S4K1_fC6,3,0,0,3,1,7,2
Co_S4K1_fC6,4,0,0,2,3,1,7
Co_S4K1_fC6,5,0,0,2,3,7,9
Co_S4K1_fC6,6,0,0,2,3,7,9
Co_S4K1_fC6,7,0,0,2,3,9,7
Co_S4K1_fC6,8,0,0,2,3,9,7
Co_S4K1_fC6,9,0,0,3,7,1,2
Co_S4K1_fC6,10,0,0,3,7,2,1
Co_S4K1_fC6,11,0,0,3,7,2,1
Co_S4K1_fC6,12,0,0,3,2,7,1
Co_S4K1_fC6,13,0,0,3,7,2,1
Co_S4K1_fC6,14,0,0,3,2,7,4
Co_S4K1_fC6,15,0,0,3,7,2,1
Co_S4K1_fC6,16,0,0,3,7,2,1
Co_S4K1_fC6,17,0,0,3,7,2,1
Co_S4K1_fC6,18,0,0,3,7,2,5
Co_S4K1_fC6,19,0,0,3,7,2,1
Co_S4K1_fC6,20,0,0,3,7,2,1
Co_S4K1_fC6,21,0,0,3,2,7,1
Co_S8K2_fC19,0,0,0,1,3,7,6
Co_S8K2_fC19,1,0,0,1,7,5,2
Co_S8K2_fC19,2,0,0,1,8,5,7
Co_S8K2_fC19,3,0,0,1,3,7,6
Co_S8K2_fC19,4,0,0,1,5,6,3
Co_S8K2_fC19,5,0,0,1,3,6,4
Co_S8K2_fC19,6,0,0,1,7,5,2
Co_S8K2_fC19,7,0,0,1,7,5,6
Co_S8K2_fC19,8,0,0,1,8,3,7
Co_S8K2_fC19,9,0,0,1,3,7,4
Co_S8K2_fC19,10,0,0,1,3,7,4
Co_S8K2_fC19,11,0,0,1,4,3,7
Co_S8K2_fC19,12,0,0,1,6,2,5
Co_S8K2_fC19,13,0,0,1,2,6,7
Co_S8K2_fC19,14,0,0,6,1,7,2
Co_S8K2_fC19,15,0,0,1,3,6,5
Co_S8K2_fC19,16,0,0,1,6,5,2
Co_S8K2_fC19,17,0,0,1,5,2,4
Co_S8K2_fC19,18,0,0,1,6,5,4
Co_S8K2_fC19,19,0,0,1,6,2,4
Co_S8K2_fC19,20,0,0,1,4,2,6
Co_S8K2_fC19,21,0,0,1,2,7,3
Co_S8K1_fC7,0,0,0,3,7,2,1
Co_S8K1_fC7,1,0,0,3,7,1,2
Co_S8K1_fC7,2,0,0,3,1,7,2
Co_S8K1_fC7,3,0,0,3,7,2,9
Co_S8K1_fC7,4,0,0,3,7,1,2
Co_S8K1_fC7,5,0,0,1,3,2,7
Co_S8K1_fC7,6,0,0,3,7,1,2
Co_S8K1_fC7,7,0,0,3,1,7,2
Co_S8K1_fC7,8,0,0,3,1,2,7
Co_S8K1_fC7,9,0,0,3,7,2,9
Co_S8K1_fC7,10,0,0,3,1,2,7
Co_S8K1_fC7,11,0,0,1,3,8,7
Co_S8K1_fC7,12,0,0,3,1,7,9
Co_S8K1_fC7,13,0,0,3,9,2,7
Co_S8K1_fC7,14,0,0,3,1,2,7
Co_S8K1_fC7,15,0,0,3,1,7,2
Co_S8K1_fC7,16,0,0,3,1,2,7
Co_S8K1_fC7,17,0,0,3,1,7,9
Co_S8K1_fC7,18,0,0,3,1,7,9
Co_S8K1_fC7,19,0,0,3,7,9,1
Co_S8K1_fC7,20,0,0,3,1,2,9
Co_S8K1_fC7,21,0,0,3,1,6,9
Co_S8K1_fC7,22,0,0,1,3,7,2
Co_S8K1_fC6,0,0,0,3,9,7,5
Co_S8K1_fC6,1,0,0,3,9,7,4
Co_S8K1_fC6,2,0,0,3,7,9,2
Co_S8K1_fC6,3,0,0,3,7,9,1
Co_S8K1_fC6,4,0,3,0,7,4,1
Co_S8K1_fC6,5,0,3,0,7,1,2
Co_S8K1_fC6,6,0,0,3,7,9,2
Co_S8K1_fC6,7,0,0,3,7,2,1
Co_S8K1_fC6,8,0,3,0,1,7,2
Co_S8K1_fC6,9,0,3,0,1,7,8
Co_S8K1_fC6,10,0,0,3,9,1,2
Co_S8K1_fC6,11,0,0,2,5,3,9
Co_S8K1_fC6,12,0,0,3,9,2,1
Co_S8K1_fC6,13,0,0,3,9,2,1
Co_S8K1_fC6,14,0,0,5,3,2,7
Co_S8K1_fC6,15,0,0,3,5,9,2
Co_S8K2_fC18,0,0,0,6,5,3,9
Co_S8K2_fC18,1,0,0,3,1,7,6
Co_S8K2_fC18,2,0,0,3,1,5,7
Co_S8K2_fC18,3,0,0,3,1,7,5
Co_S8K2_fC18,4,0,0,3,1,5,7
Co_S8K2_fC18,5,0,0,3,1,2,4
Co_S8K2_fC18,6,0,0,3,5,7,1
Co_S8K2_fC18,7,0,0,7,3,1,5
Co_S8K2_fC18,8,0,0,3,1,5,7
Co_S8K2_fC18,9,0,0,3,5,7,4
Co_S8K2_fC18,10,0,0,7,3,1,4
Co_S8K2_fC18,11,0,0,1,5,3,7
Co_S8K2_fC18,12,0,0,5,7,9,2
Co_S8K2_fC18,13,0,0,7,1,6,9
Co_S8K2_fC18,14,0,0,3,1,7,5
Co_S8K2_fC18,15,0,0,1,7,3,5
Co_S8K2_fC18,16,0,0,7,5,1,3
Co_S8K2_fC18,17,0,0,5,7,1,6
Co_S8K2_fC18,18,0,0,1,7,3,5
Co_S8K2_fC18,19,0,0,3,1,5,7
Co_S4K2_fC20,0,0,0,3,7,8,1
Co_S4K2_fC20,1,0,0,3,8,7,2
Co_S4K2_fC20,2,0,0,3,7,8,1
Co_S4K2_fC20,3,0,0,3,7,8,1
Co_S4K2_fC20,4,0,0,3,7,1,8
Co_S4K2_fC20,5,0,0,3,7,8,1
Co_S4K2_fC20,6,0,0,3,7,8,9
Co_S4K2_fC20,7,0,0,7,1,3,9
Co_S4K2_fC20,8,0,0,7,3,8,1
Co_S4K2_fC20,9,0,0,3,7,1,8
Co_S4K2_fC20,10,0,0,3,7,1,2
Co_S4K2_fC20,11,0,0,7,3,9,1
Co_S4K2_fC20,12,0,0,3,7,1,9
Co_S4K2_fC20,13,0,0,7,3,1,8
Co_S4K2_fC20,14,0,0,7,3,1,8
Co_S4K2_fC20,15,0,0,3,7,1,8
Co_S4K2_fC20,16,0,0,3,7,1,5
Co_S4K2_fC20,17,0,0,3,1,7,5
Co_S4K2_fC20,18,0,0,7,5,3,1
Co_S4K2_fC20,19,0,0,7,1,3,5
Co_S4K2_fC20,20,0,0,1,7,3,5
Co_S4K2_fC20,21,0,0,3,5,7,1
Co_S4K2_fC20,22,0,0,7,1,3,5
Co_S4K2_fC20,23,0,0,7,3,1,2
Co_S4K2_fC18,0,0,0,3,7,5,2
Co_S4K2_fC18,1,0,0,3,7,5,2
Co_S4K2_fC18,2,0,0,3,2,7,5
Co_S4K2_fC18,3,0,0,3,7,2,5
Co_S4K2_fC18,4,0,0,3,7,2,5
Co_S4K2_fC18,5,0,0,3,2,7,5
Co_S4K2_fC18,6,0,0,3,2,7,5
Co_S4K2_fC18,7,0,0,3,7,5,1
Co_S4K2_fC18,8,0,0,3,2,7,5
Co_S4K2_fC18,9,0,0,3,1,7,5
Co_S4K2_fC18,10,0,0,3,5,9,7
Co_S4K2_fC18,11,0,0,5,3,9,1
Co_S4K2_fC18,12,0,0,1,3,5,9
Co_S4K2_fC18,13,0,0,3,5,7,1
Co_S4K2_fC18,14,0,0,5,3,9,1
Co_S4K2_fC18,15,0,0,5,9,3,7
Co_S4K2_fC18,16,0,0,5,3,1,9
Co_S4K2_fC18,17,0,0,5,3,9,7
Co_S4K2_fC18,18,0,0,3,5,7,1
Co_S4K2_fC19,0,0,0,7,5,6,3
Co_S4K2_fC19,1,0,0,7,6,5,1
Co_S4K2_fC19,2,0,0,7,1,3,5
Co_S4K2_fC19,3,0,0,3,7,5,6
Co_S4K2_fC19,4,0,0,7,5,6,3
Co_S4K2_fC19,5,0,0,5,6,3,7
Co_S4K2_fC19,6,0,0,7,1,5,6
Co_S4K2_fC19,7,0,0,7,3,5,6
Co_S4K2_fC19,8,0,0,7,5,3,1
Co_S4K2_fC19,9,0,0,7,3,1,5
Co_S4K2_fC19,10,0,0,7,5,3,1
Co_S4K2_fC19,11,0,0,3,7,5,1
Co_S4K2_fC19,12,0,0,3,7,5,2
Co_S4K2_fC19,13,0,0,3,7,5,1
Co_S4K2_fC19,14,0,0,7,3,1,5
Co_S4K2_fC19,15,0,0,3,7,5,6
Co_S4K2_fC19,16,0,0,3,7,5,2
Co_S4K2_fC19,17,0,0,7,6,5,3
Co_S8K1_fC8,0,0,0,3,1,7,9
Co_S8K1_fC8,1,0,0,3,2,1,9
Co_S8K1_fC8,2,0,0,3,2,1,9
Co_S8K1_fC8,3,0,0,3,1,2,9
Co_S8K1_fC8,4,0,0,3,1,9,2
Co_S8K1_fC8,5,0,0,3,1,7,8
Co_S8K1_fC8,6,0,0,3,1,8,7
Co_S8K1_fC8,7,0,0,3,8,7,1
Co_S8K1_fC8,8,0,0,7,1,3,9
Co_S8K1_fC8,9,0,0,7,1,8,3
Co_S8K1_fC8,10,0,0,7,8,1,3
Co_S8K1_fC8,11,0,0,8,7,1,3
Co_S8K1_fC8,12,0,0,7,1,3,8
Co_S8K1_fC8,13,0,0,7,3,8,1
Co_S8K1_fC8,14,0,0,7,1,3,2
Co_S4K1_fC8,0,0,0,7,1,6,2
Co_S4K1_fC8,1,0,0,6,7,2,1
Co_S4K1_fC8,2,0,0,7,3,6,2
Co_S4K1_fC8,3,0,0,7,3,6,2
Co_S4K1_fC8,4,0,0,7,1,2,6
Co_S4K1_fC8,5,0,0,7,2,6,1
Co_S4K1_fC8,6,0,0,7,6,2,1
Co_S4K1_fC8,7,0,0,7,6,2,1
Co_S4K1_fC8,8,0,0,7,6,2,1
Co_S4K1_fC8,9,0,0,7,3,1,5
Co_S4K1_fC8,10,0,0,7,1,3,2
Co_S4K1_fC8,11,0,0,7,6,2,1
Co_S4K1_fC8,12,0,0,7,6,1,3
Co_S4K1_fC8,13,0,0,7,6,1,3
Co_S4K1_fC8,14,0,0,6,7,3,2
Co_S4K1_fC8,15,0,0,3,7,6,2
Co_S4K1_fC8,16,0,0,7,6,1,3
Co_S4K1_fC8,17,0,0,7,6,1,2
Co_S4K1_fC8,18,0,0,7,2,3,1
Co_S8K2_fC20,0,0,0,1,3,4,7
Co_S8K2_fC20,1,0,1,0,7,4,5
Co_S8K2_fC20,2,0,0,1,3,4,7
Co_S8K2_fC20,3,0,0,1,4,7,5
Co_S8K2_fC20,4,0,0,1,4,3,7
Co_S8K2_fC20,5,0,1,0,7,4,5
Co_S8K2_fC20,6,0,0,1,3,4,7
Co_S8K2_fC20,7,0,0,1,7,6,2
Co_S8K2_fC20,8,0,0,1,7,2,3
Co_S8K2_fC20,9,0,0,1,2,6,7
Co_S8K2_fC20,10,0,0,1,7,6,5
Co_S8K2_fC20,11,0,0,1,7,2,6
Co_S8K2_fC20,12,0,0,1,7,5,2
Co_S8K2_fC20,13,0,0,1,7,6,5
Co_S8K2_fC20,14,0,0,1,7,6,2
Co_S8K2_fC20,15,0,0,1,2,6,7
Co_S8K2_fC20,16,0,0,1,2,7,6
Co_S8K2_fC20,17,0,0,1,6,7,2
UC_S4L1_m4,0,5,5,9,2,1,6
UC_S4L1_m4,1,5,5,7,2,6,4
UC_S4L1_m4,2,5,5,9,4,2,7
UC_S4L1_m4,3,5,5,9,7,6,1
UC_S4L1_m4,4,5,5,9,7,3,6
UC_S4L1_m4,5,5,5,9,7,1,3
UC_S4L1_m4,6,5,5,7,3,9,1
UC_S4L1_m4,7,5,5,6,3,1,9
UC_S4L1_m4,8,5,5,6,7,1,3
UC_S4L1_m4,9,5,5,7,6,1,3
UC_S4L1_m4,10,5,5,1,4,7,6
UC_S4L1_m4,11,5,5,4,9,1,6
UC_S4L1_m4,12,5,5,4,7,1,3
UC_S4L1_m4,13,5,5,1,6,3,7
UC_S4L1_m4,14,5,5,6,3,1,7
UC_S4L1_m4,15,5,5,7,6,3,1
UC_S4L1_m4,16,5,5,3,9,7,1
UC_S4L1_m4,17,5,5,7,9,3,1
UC_S4L1_m4,18,5,5,7,9,3,1
UC_S4L1_m4,19,5,5,3,9,7,1
UC_S4L1_m4,20,5,5,9,7,3,1
UC_S4L1_m4,21,5,5,4,2,7,6
UC_S4L1_m4,22,5,5,1,6,2,4
UC_S4L1_m4,23,5,5,4,9,6,1
UC_S4L1_m4,24,5,5,6,2,1,4
UC_S4L1_m4,25,5,5,2,7,1,3
UC_S4L1_m4,26,5,5,2,1,9,4
UC_S4L1_m4,27,5,5,6,3,1,7
UC_S4L1_m4,28,5,5,7,6,3,1
UC_S4L1_m4,29,5,5,6,3,7,1
UC_S4L1_m4,30,5,5,7,3,9,2
UC_S4L1_m4,31,5,5,9,7,3,1
UC_S4L1_m4,32,5,5,2,9,1,4
UC_S4L1_m4,33,5,5,2,1,6,4
UC_S4L1_m4,34,5,5,6,4,2,7
UC_S4L1_m4,35,5,5,9,1,6,7
UC_S4L1_m4,36,5,5,4,1,3,7
UC_S4L1_m4,37,5,5,1,7,6,9
UC_S4L1_m4,38,5,5,1,7,4,9
UC_S4L1_m4,39,5,5,1,7,4,2
UC_S4K2_fC18,0,5,5,3,7,6,1
UC_S4K2_fC18,1,5,5,3,7,4,6
UC_S4K2_fC18,2,5,5,3,7,6,1
UC_S4K2_fC18,3,5,5,3,7,1,6
UC_S4K2_fC18,4,5,5,3,7,6,1
UC_S4K2_fC18,5,5,5,3,7,1,6
UC_S4K2_fC18,6,5,5,3,7,6,1
UC_S4K2_fC18,7,5,5,3,7,1,6
UC_S4K2_fC18,8,5,5,3,7,1,4
UC_S4K2_fC18,9,5,5,3,7,1,6
UC_S8D1_fC1,0,5,5,7,3,6,1
UC_S8D1_fC1,1,5,5,3,7,1,6
UC_S8D1_fC1,2,5,5,3,7,1,6
UC_S8D1_fC1,3,5,5,3,6,7,1
UC_S8D1_fC1,4,5,5,3,7,6,1
UC_S8D1_fC1,5,5,5,7,3,6,1
UC_S8D1_fC1,6,5,5,3,7,1,9
UC_S8D1_fC1,7,5,5,3,7,1,2
UC_S8D1_fC1,8,5,5,7,3,2,1
UC_S8D1_fC1,9,5,5,7,3,2,1
UC_S8K2_fC17,0,5,5,6,7,1,4
UC_S8K2_fC17,1,5,5,6,7,1,9
UC_S8K2_fC17,2,5,5,6,1,7,2
UC_S8K2_fC17,3,5,5,6,7,1,2
UC_S8K2_fC17,4,5,5,6,1,7,2
UC_S8K2_fC17,5,5,5,6,7,2,1
UC_S8K2_fC17,6,5,5,6,1,2,7
UC_S8K2_fC17,7,5,5,6,1,7,2
UC_S8K2_fC17,8,5,5,6,7,1,2
UC_S8K2_fC17,9,5,5,6,7,1,4
UC_S8K2_fC19,0,5,5,2,7,6,1
UC_S8K2_fC19,1,5,5,7,2,1,6
UC_S8K2_fC19,2,5,5,7,2,1,6
UC_S8K2_fC19,3,5,5,6,1,2,7
UC_S8K2_fC19,4,5,5,7,2,6,1
UC_S8K2_fC19,5,5,5,7,6,1,2
UC_S8K2_fC19,6,5,5,7,2,6,1
UC_S8K2_fC19,7,5,5,2,7,1,6
UC_S8K2_fC19,8,5,5,2,6,7,1
UC_S8K2_fC19,9,5,5,4,2,7,1
UC_S8K2_fC18,0,5,5,7,2,3,1
UC_S8K2_fC18,1,5,5,7,1,2,6
UC_S8K2_fC18,2,5,5,7,2,1,6
UC_S8K2_fC18,3,5,5,7,1,2,3
UC_S8K2_fC18,4,5,5,7,1,2,3
UC_S8K2_fC18,5,5,5,7,1,2,3
UC_S8K2_fC18,6,5,5,7,1,3,4
UC_S8K2_fC18,7,5,5,7,1,2,3
UC_S8K2_fC18,8,5,5,7,1,2,3
UC_S8K2_fC18,9,5,5,7,2,6,1
UC_S8D1_fC2,0,5,5,1,2,6,0
UC_S8D1_fC2,1,5,5,1,2,6,0
UC_S8D1_fC2,2,5,5,1,2,6,7
UC_S8D1_fC2,3,5,5,1,6,0,2
UC_S8D1_fC2,4,5,5,1,0,7,2
UC_S8D1_fC2,5,5,5,2,1,6,4
UC_S8D1_fC2,6,5,5,1,2,7,6
UC_S8D1_fC2,7,5,5,1,2,6,7
UC_S8D1_fC2,8,5,5,1,2,3,6
UC_S8D1_fC2,9,5,5,1,6,2,3
UC_S8K2_fC20,0,5,5,1,2,7,4
UC_S8K2_fC20,1,5,5,1,3,7,4
UC_S8K2_fC20,2,5,5,1,2,3,4
UC_S8K2_fC20,3,5,5,1,2,7,3
UC_S8K2_fC20,4,5,5,1,3,2,7
UC_S8K2_fC20,5,5,5,1,2,3,7
UC_S8K2_fC20,6,5,5,1,3,7,2
UC_S8K2_fC20,7,5,5,1,3,2,7
UC_S8K2_fC20,8,5,5,1,7,2,6
UC_S8K2_fC20,9,5,5,1,2,6,7
UC_S8D1_fC4,0,5,5,6,2,3,7
UC_S8D1_fC4,1,5,5,6,2,7,0
UC_S8D1_fC4,2,5,5,6,2,9,0
UC_S8D1_fC4,3,5,5,2,6,3,1
UC_S8D1_fC4,4,5,5,6,2,1,9
UC_S8D1_fC4,5,5,5,6,2,0,3
UC_S8D1_fC4,6,5,5,6,7,2,9
UC_S8D1_fC4,7,5,5,6,2,1,7
UC_S8D1_fC4,8,5,5,6,2,9,3
UC_S8D1_fC4,9,5,5,6,2,7,3
UC_S4D2_m4,0,5,5,7,3,6,2
UC_S4D2_m4,1,5,5,7,6,3,2
UC_S4D2_m4,2,5,5,3,7,6,4
UC_S4D2_m4,3,5,5,4,2,6,9
UC_S4D2_m4,4,5,5,2,7,4,1
UC_S4D2_m4,5,5,5,7,4,6,1
UC_S4D2_m4,6,5,5,7,4,1,2
UC_S4D2_m4,7,5,5,4,2,6,1
UC_S4D2_m4,8,5,5,4,1,6,3
UC_S4D2_m4,9,5,5,4,1,2,9
UC_S4D2_m4,10,5,5,4,1,9,3
UC_S4D2_m4,11,5,5,2,7,4,9
UC_S4D2_m4,12,5,5,4,9,6,1
UC_S4D2_m4,13,5,5,9,4,7,1
UC_S4D2_m4,14,5,5,9,4,3,6
UC_S4D2_m4,15,5,5,4,2,3,6
UC_S4D2_m4,16,5,5,4,1,6,9
UC_S4D2_m4,17,5,5,4,1,3,2
UC_S4D2_m4,18,5,5,4,1,3,9
UC_S4D2_m4,19,5,5,4,3,1,9
UC_S4D2_m4,20,5,5,4,2,6,1
UC_S4D2_m4,21,5,5,7,4,2,1
UC_S4D2_m4,22,5,5,4,7,2,1
UC_S4D2_m4,23,5,5,7,2,4,1
UC_S4D2_m4,24,5,5,7,4,2,1
UC_S4D2_m4,25,5,5,3,7,4,2
UC_S4D2_m4,26,5,5,7,3,4,2
UC_S4D2_m4,27,5,5,6,7,3,2
UC_S4D2_m4,28,5,5,3,7,6,4
UC_S4D2_m4,29,5,5,4,1,6,2
UC_S4D2_m4,30,5,5,4,3,2,1
UC_S4D2_m4,31,5,5,4,1,3,9
UC_S4D2_m4,32,5,5,4,1,3,9
UC_S4D2_m4,33,5,5,4,3,1,2
UC_S4D2_m4,34,5,5,9,4,3,6
UC_S4D2_m4,35,5,5,4,9,3,6
UC_S4D2_m4,36,5,5,4,9,6,3
UC_S4D2_m4,37,5,5,7,6,4,2
UC_S4D2_m4,38,5,5,7,1,2,4
UC_S4D2_m4,39,5,5,7,4,1,2
UC_S8L1_m4,0,5,5,3,6,1,0
UC_S8L1_m4,1,5,5,3,6,1,0
UC_S8L1_m4,2,5,5,6,1,3,0
UC_S8L1_m4,3,5,5,6,1,3,0
UC_S8L1_m4,4,5,5,6,1,2,3
UC_S8L1_m4,5,5,5,6,1,9,7
UC_S8L1_m4,6,5,5,6,1,9,3
UC_S8L1_m4,7,5,5,6,1,9,3
UC_S8L1_m4,8,5,5,6,1,9,3
UC_S8L1_m4,9,5,5,6,9,1,7
UC_S8L1_m4,10,5,5,6,9,1,3
UC_S8L1_m4,11,5,5,6,1,2,7
UC_S8L1_m4,12,5,5,6,7,1,9
UC_S8L1_m4,13,5,5,1,6,7,9
UC_S8L1_m4,14,5,5,9,6,7,1
UC_S8L1_m4,15,5,5,7,9,4,2
UC_S8L1_m4,16,5,5,9,3,7,6
UC_S8L1_m4,17,5,5,1,6,9,7
UC_S8L1_m4,18,5,5,6,1,9,2
UC_S8L1_m4,19,5,5,1,9,6,7
UC_S8L1_m4,20,5,5,1,9,6,7
UC_S8L1_m4,21,5,5,1,6,9,3
UC_S8L1_m4,22,5,5,6,9,1,3
UC_S8L1_m4,23,5,5,6,1,3,7
UC_S8L1_m4,24,5,5,3,0,1,6
UC_S8L1_m4,25,5,5,3,1,6,0
UC_S8L1_m4,26,5,5,9,1,6,3
UC_S8L1_m4,27,5,5,1,9,6,2
UC_S8L1_m4,28,5,5,1,6,7,4
UC_S8L1_m4,29,5,5,7,6,9,1
UC_S8L1_m4,30,5,5,9,7,6,2
UC_S8L1_m4,31,5,5,4,9,7,6
UC_S8L1_m4,32,5,5,6,9,1,3
UC_S8L1_m4,33,5,5,6,1,3,2
UC_S8L1_m4,34,5,5,6,1,2,9
UC_S8L1_m4,35,5,5,1,6,9,7
UC_S8L1_m4,36,5,5,1,9,6,7
UC_S8L1_m4,37,5,5,1,9,6,7
UC_S8L1_m4,38,5,5,6,1,7,2
UC_S8L1_m4,39,5,5,2,6,9,7
UC_S4D1_fC1,0,5,5,7,3,1,2
UC_S4D1_fC1,1,5,5,7,2,1,8
UC_S4D1_fC1,2,5,5,7,2,1,8
UC_S4D1_fC1,3,5,5,7,2,1,3
UC_S4D1_fC1,4,5,5,1,7,8,3
UC_S4D1_fC1,5,5,5,1,7,3,2
UC_S4D1_fC1,6,5,5,1,2,7,3
UC_S4D1_fC1,7,5,5,7,1,2,8
UC_S4D1_fC1,8,5,5,7,2,1,3
UC_S4D1_fC1,9,5,5,7,3,2,1
UC_S4K2_fC17,0,5,5,3,6,7,2
UC_S4K2_fC17,1,5,5,6,3,7,2
UC_S4K2_fC17,2,5,5,7,6,2,3
UC_S4K2_fC17,3,5,5,6,3,9,7
UC_S4K2_fC17,4,5,5,3,6,7,2
UC_S4K2_fC17,5,5,5,6,2,7,3
UC_S4K2_fC17,6,5,5,2,7,6,3
UC_S4K2_fC17,7,5,5,2,6,7,4
UC_S4K2_fC17,8,5,5,3,6,4,7
UC_S4K2_fC17,9,5,5,3,6,0,4
UC_S4K2_fC19,0,5,5,3,7,4,9
UC_S4K2_fC19,1,5,5,3,7,9,6
UC_S4K2_fC19,2,5,5,9,7,3,2
UC_S4K2_fC19,3,5,5,3,9,6,7
UC_S4K2_fC19,4,5,5,9,3,2,6
UC_S4K2_fC19,5,5,5,9,3,7,6
UC_S4K2_fC19,6,5,5,2,6,3,9
UC_S4K2_fC19,7,5,5,6,2,3,9
UC_S4K2_fC19,8,5,5,3,2,9,7
UC_S4K2_fC19,9,5,5,3,7,2,9
UC_S8D1_fC3,0,5,5,6,7,4,1
UC_S8D1_fC3,1,5,5,2,3,9,4
UC_S8D1_fC3,2,5,5,9,6,1,7
UC_S8D1_fC3,3,5,5,9,1,3,6
UC_S8D1_fC3,4,5,5,4,3,6,7
UC_S8D1_fC3,5,5,5,6,7,9,4
UC_S8D1_fC3,6,5,5,6,7,4,1
UC_S8D1_fC3,7,5,5,9,7,6,3
UC_S8D1_fC3,8,5,5,6,9,1,7
UC_S8D1_fC3,9,5,5,7,6,3,9
UC_S4D1_fC4,0,5,5,6,4,2,1
UC_S4D1_fC4,1,5,5,6,4,7,1
UC_S4D1_fC4,2,5,5,6,3,1,2
UC_S4D1_fC4,3,5,5,6,4,1,7
UC_S4D1_fC4,4,5,5,4,6,1,2
UC_S4D1_fC4,5,5,5,6,4,1,7
UC_S4D1_fC4,6,5,5,6,4,1,7
UC_S4D1_fC4,7,5,5,4,6,1,2
UC_S4D1_fC4,8,5,5,6,1,7,2
UC_S4D1_fC4,9,5,5,6,4,1,2
UC_S4K2_fC20,0,5,5,4,3,9,2
UC_S4K2_fC20,1,5,5,4,2,9,3
UC_S4K2_fC20,2,5,5,4,3,9,6
UC_S4K2_fC20,3,5,5,4,2,9,3
UC_S4K2_fC20,4,5,5,3,4,9,2
UC_S4K2_fC20,5,5,5,4,9,3,8
UC_S4K2_fC20,6,5,5,4,2,9,3
UC_S4K2_fC20,7,5,5,4,2,3,9
UC_S4K2_fC20,8,5,5,4,9,3,8
UC_S4K2_fC20,9,5,5,4,2,8,3
UC_S4D1_fC2,0,5,5,4,1,2,7
UC_S4D1_fC2,1,5,5,4,7,2,1
UC_S4D1_fC2,2,5,5,4,1,2,7
UC_S4D1_fC2,3,5,5,1,4,7,2
UC_S4D1_fC2,4,5,5,1,4,2,3
UC_S4D1_fC2,5,5,5,1,2,4,3
UC_S4D1_fC2,6,5,5,2,1,7,3
UC_S4D1_fC2,7,5,5,4,1,7,2
UC_S4D1_fC2,8,5,5,4,1,2,7
UC_S4D1_fC2,9,5,5,4,1,7,2
UC_S8K2_m4,0,5,5,7,2,1,4
UC_S8K2_m4,1,5,5,7,3,4,0
UC_S8K2_m4,2,5,5,7,4,1,2
UC_S8K2_m4,3,5,5,4,2,1,7
UC_S8K2_m4,4,5,5,9,7,1,6
UC_S8K2_m4,5,5,5,7,9,1,4
UC_S8K2_m4,6,5,5,3,1,2,4
UC_S8K2_m4,7,5,5,7,2,6,1
UC_S8K2_m4,8,5,5,4,2,1,9
UC_S8K2_m4,9,5,5,7,3,9,4
UC_S8K2_m4,10,5,5,7,3,4,6
UC_S8K2_m4,11,5,5,7,3,1,0
UC_S8K2_m4,12,5,5,7,3,1,6
UC_S8K2_m4,13,5,5,7,1,6,3
UC_S8K2_m4,14,5,5,7,3,4,6
UC_S8K2_m4,15,5,5,6,2,0,8
UC_S8K2_m4,16,5,5,7,2,3,4
UC_S8K2_m4,17,5,5,2,7,6,4
UC_S8K2_m4,18,5,5,7,9,1,4
UC_S8K2_m4,19,5,5,7,4,9,1
UC_S8K2_m4,20,5,5,7,9,2,1
UC_S8K2_m4,21,5,5,4,7,9,2
UC_S8K2_m4,22,5,5,7,1,4,9
UC_S8K2_m4,23,5,5,4,1,2,9
UC_S8K2_m4,24,5,5,9,2,1,7
UC_S8K2_m4,25,5,5,7,4,1,3
UC_S8K2_m4,26,5,5,2,3,7,6
UC_S8K2_m4,27,5,5,2,6,3,4
UC_S8K2_m4,28,5,5,2,6,1,4
UC_S8K2_m4,29,5,5,7,4,3,2
UC_S8K2_m4,30,5,5,7,3,1,9
UC_S8K2_m4,31,5,5,7,4,3,1
UC_S8K2_m4,32,5,5,9,7,1,3
UC_S8K2_m4,33,5,5,7,9,1,4
UC_S8K2_m4,34,5,5,2,1,7,4
UC_S8K2_m4,35,5,5,2,1,6,3
UC_S8K2_m4,36,5,5,2,6,3,1
UC_S8K2_m4,37,5,5,4,7,9,1
UC_S8K2_m4,38,5,5,1,2,7,4
UC_S8K2_m4,39,5,5,1,2,7,4
UC_S4D1_fC3,0,5,5,6,1,2,7
UC_S4D1_fC3,1,5,5,6,7,1,2
UC_S4D1_fC3,2,5,5,6,2,4,1
UC_S4D1_fC3,3,5,5,2,7,4,1
UC_S4D1_fC3,4,5,5,2,1,7,6
UC_S4D1_fC3,5,5,5,1,2,7,6
UC_S4D1_fC3,6,5,5,2,1,7,6
UC_S4D1_fC3,7,5,5,1,2,7,6
UC_S4D1_fC3,8,5,5,6,4,7,2
UC_S4D1_fC3,9,5,5,2,1,6,7
UP_S4L2_m5,0,6,6,7,1,2,4
UP_S4L2_m5,1,6,1,6,7,2,4
UP_S4L2_m5,2,6,6,7,1,4,2
UP_S4L2_m5,3,6,7,6,2,4,1
UP_S4L2_m5,4,6,6,1,7,3,2
UP_S4L2_m5,5,6,6,1,2,7,4
UP_S4L2_m5,6,6,6,1,7,3,2
UP_S4L2_m5,7,6,6,3,7,4,1
UP_S4L2_m5,8,6,6,3,7,2,1
UP_S4L2_m5,9,6,6,3,7,2,1
UP_S4L2_m5,10,6,6,3,1,7,2
UP_S4L2_m5,11,6,6,3,1,2,7
UP_S4L2_m5,12,6,6,1,3,7,0
UP_S4L2_m5,13,6,6,7,1,4,2
UP_S4L2_m5,14,6,6,1,2,3,7
UP_S4L2_m5,15,6,6,1,2,3,7
UP_S4L2_m5,16,6,6,7,1,3,2
UP_S4L2_m5,17,6,6,1,3,7,2
UP_S4L2_m5,18,6,6,3,1,7,2
UP_S4L2_m5,19,6,6,1,3,2,7
UP_S4L2_m5,20,6,6,3,7,2,1
UP_S4L2_m5,21,6,6,3,7,2,1
UP_S4L2_m5,22,6,6,3,1,4,7
UP_S4L2_m5,23,6,6,1,2,7,3
UP_S4L2_m5,24,6,1,6,3,7,4
UP_S4L2_m5,25,6,4,6,7,2,1
UP_S4L2_m5,26,6,6,7,1,2,4
UP_S4L2_m5,27,6,6,3,1,7,4
UP_S4L2_m5,28,6,6,1,7,2,3
UP_S4L2_m5,29,6,6,3,1,4,7
UP_S4L2_m5,30,6,6,1,7,2,3
UP_S4L2_m5,31,6,6,1,7,4,3
UP_S4L2_m5,32,6,6,7,1,2,3
UP_S4L2_m5,33,6,6,1,7,3,2
UP_S4L2_m5,34,6,6,7,3,2,1
UP_S4L2_m5,35,6,6,1,3,7,2
UP_S4L2_m5,36,6,6,1,3,2,7
UP_S4L2_m5,37,6,6,1,3,2,7
UP_S8D2_m5,0,6,6,3,7,4,1
UP_S8D2_m5,1,6,6,7,3,4,1
UP_S8D2_m5,2,6,6,3,4,7,1
UP_S8D2_m5,3,6,6,3,2,7,1
UP_S8D2_m5,4,6,6,2,3,7,1
UP_S8D2_m5,5,6,6,2,7,3,1
UP_S8D2_m5,6,6,6,2,7,3,1
UP_S8D2_m5,7,6,6,2,3,4,9
UP_S8D2_m5,8,6,6,3,2,4,7
UP_S8D2_m5,9,6,6,2,3,4,1
UP_S8D2_m5,10,6,2,6,7,3,5
UP_S8D2_m5,11,6,6,4,3,7,2
UP_S8D2_m5,12,6,4,6,2,3,7
UP_S8D2_m5,13,6,6,3,2,4,7
UP_S8D2_m5,14,6,2,6,3,4,7
UP_S8D2_m5,15,6,2,3,6,4,7
UP_S8D2_m5,16,6,6,4,3,7,2
UP_S8D2_m5,17,6,6,4,2,3,7
UP_S8D2_m5,18,6,6,4,3,2,7
UP_S8D2_m5,19,6,6,4,2,3,7
UP_S8D2_m5,20,6,6,2,4,3,7
UP_S8D2_m5,21,6,6,2,4,3,1
UP_S8D2_m5,22,6,6,2,4,3,1
UP_S8D2_m5,23,6,6,3,4,2,7
UP_S8D2_m5,24,6,6,3,2,7,1
UP_S8D2_m5,25,6,6,2,7,3,1
UP_S8D2_m5,26,6,6,3,2,7,1
UP_S8D2_m5,27,6,6,3,2,1,7
UP_S8D2_m5,28,6,6,3,7,4,1
UP_S8D2_m5,29,6,6,3,7,2,1
UP_S8D2_m5,30,6,6,2,7,3,1
UP_S8D2_m5,31,6,6,2,3,7,1
UP_S8D2_m5,32,6,6,2,4,3,7
UP_S8D2_m5,33,6,6,3,4,2,7
UP_S8D2_m5,34,6,6,3,4,7,2
UP_S8D2_m5,35,6,6,4,2,3,7
UP_S8D2_m5,36,6,6,4,2,3,7
UP_S8D2_m5,37,6,2,6,3,7,4
UP_S8D2_m5,38,6,2,6,1,4,3
UP_S8D2_m5,39,6,6,2,3,7,4
UP_S4D2_m5,0,6,6,2,3,7,4
UP_S4D2_m5,1,6,6,2,4,3,7
UP_S4D2_m5,2,6,6,2,3,1,7
UP_S4D2_m5,3,6,6,2,7,3,1
UP_S4D2_m5,4,6,6,2,1,7,3
UP_S4D2_m5,5,6,6,2,7,3,1
UP_S4D2_m5,6,6,6,2,3,1,7
UP_S4D2_m5,7,6,6,2,4,1,7
UP_S4D2_m5,8,6,6,4,3,2,7
UP_S4D2_m5,9,6,6,4,2,3,7
UP_S4D2_m5,10,6,6,3,2,4,7
UP_S4D2_m5,11,6,6,3,7,4,2
UP_S4D2_m5,12,6,6,3,2,7,4
UP_S4D2_m5,13,6,6,3,7,4,2
UP_S4D2_m5,14,6,6,2,1,7,3
UP_S4D2_m5,15,6,6,2,4,1,7
UP_S4D2_m5,16,6,6,2,1,7,3
UP_S4D2_m5,17,6,6,2,1,7,3
UP_S4D2_m5,18,6,6,2,7,1,3
UP_S4D2_m5,19,6,6,2,3,1,7
UP_S4D2_m5,20,6,6,2,3,7,1
UP_S4D2_m5,21,6,7,2,6,1,4
UP_S4D2_m5,22,6,6,2,1,7,3
UP_S4D2_m5,23,6,6,2,7,3,1
UP_S4D2_m5,24,6,6,2,1,7,3
UP_S4D2_m5,25,6,6,2,7,3,1
UP_S4D2_m5,26,6,6,2,7,3,1
UP_S4D2_m5,27,6,6,2,1,7,3
UP_S4D2_m5,28,6,6,2,4,3,7
UP_S4D2_m5,29,6,6,4,2,3,7
UP_S4D2_m5,30,6,6,3,4,2,7
UP_S4D2_m5,31,6,6,7,2,3,4
UP_S4D2_m5,32,6,6,3,2,7,4
UP_S4D2_m5,33,6,6,3,7,2,4
UP_S4D2_m5,34,6,6,2,7,3,1
UP_S4D2_m5,35,6,6,2,1,7,3
UP_S4D2_m5,36,6,6,2,7,3,1
UP_S4D2_m5,37,6,6,4,2,3,7
UP_S4D2_m5,38,6,6,4,2,3,7
UP_S4D2_m5,39,6,6,2,4,3,1
UP_S4D2_m5,40,6,6,2,1,7,4
UP_S4D2_m5,41,6,6,2,3,7,4
UP_S8K1_m5,0,6,2,7,1,6,5
UP_S8K1_m5,1,6,7,2,1,6,3
UP_S8K1_m5,2,6,7,2,6,1,5
UP_S8K1_m5,3,6,7,2,1,3,6
UP_S8K1_m5,4,6,7,1,2,3,6
UP_S8K1_m5,5,6,6,1,2,7,3
UP_S8K1_m5,6,6,6,1,3,7,2
UP_S8K1_m5,7,6,6,1,3,7,2
UP_S8K1_m5,8,6,6,1,3,7,2
UP_S8K1_m5,9,6,6,7,3,1,2
UP_S8K1_m5,10,6,6,1,7,3,2
UP_S8K1_m5,11,6,6,1,2,5,7
UP_S8K1_m5,12,6,6,1,2,5,7
UP_S8K1_m5,13,6,6,1,2,5,7
UP_S8K1_m5,14,6,6,2,1,7,4
UP_S8K1_m5,15,6,6,2,1,7,5
UP_S8K1_m5,16,6,6,2,1,7,5
UP_S8K1_m5,17,6,6,2,7,3,1
UP_S8K1_m5,18,6,6,1,2,3,7
UP_S8K1_m5,19,6,6,2,1,3,7
UP_S8K1_m5,20,6,6,7,3,2,1
UP_S8K1_m5,21,6,6,1,2,7,5
UP_S8K1_m5,22,6,6,2,1,5,7
UP_S8K1_m5,23,6,6,2,1,7,0
UP_S8K1_m5,24,6,6,2,1,7,4
UP_S8K1_m5,25,6,6,2,1,7,4
UP_S8K1_m5,26,6,6,1,2,5,0
UP_S8K1_m5,27,6,6,1,2,5,0
UP_S8K1_m5,28,6,6,1,2,5,0
UP_S8K1_m5,29,6,6,1,2,7,0
UP_S8K1_m5,30,6,7,6,3,1,2
UP_S8K1_m5,31,6,7,6,1,2,3
UP_S8K1_m5,32,6,6,7,3,1,2
UP_S8K1_m5,33,6,6,1,7,3,2
UP_S8K1_m5,34,6,2,1,7,6,0
UP_S8K1_m5,35,6,7,2,6,1,5
UP_S8K1_m5,36,6,1,7,3,2,6
UP_S8K1_m5,37,6,2,7,3,1,6
UP_S8K2_m5,0,6,3,4,7,2,5
UP_S8K2_m5,1,6,3,4,2,7,1
UP_S8K2_m5,2,6,4,5,1,2,7
UP_S8K2_m5,3,6,6,5,3,2,4
UP_S8K2_m5,4,6,6,5,3,2,4
UP_S8K2_m5,5,6,6,5,3,2,1
UP_S8K2_m5,6,6,6,3,5,2,7
UP_S8K2_m5,7,6,6,3,2,7,4
UP_S8K2_m5,8,6,6,3,2,7,4
UP_S8K2_m5,9,6,6,2,7,4,3
UP_S8K2_m5,10,6,6,2,4,5,3
UP_S8K2_m5,11,6,6,3,2,7,4
UP_S8K2_m5,12,6,3,6,2,5,9
UP_S8K2_m5,13,6,6,3,5,2,4
UP_S8K2_m5,14,6,3,6,9,2,5
UP_S8K2_m5,15,6,6,3,5,9,2
UP_S8K2_m5,16,6,6,3,8,5,9
UP_S8K2_m5,17,6,6,3,2,5,9
UP_S8K2_m5,18,6,6,3,2,5,9
UP_S8K2_m5,19,6,4,2,5,3,7
UP_S8K2_m5,20,6,3,7,5,4,2
UP_S8K2_m5,21,6,3,2,4,5,7
UP_S8K2_m5,22,6,4,3,7,6,2
UP_S8K2_m5,23,6,2,6,3,5,7
UP_S8K2_m5,24,6,6,2,7,3,4
UP_S8K2_m5,25,6,6,3,2,5,4
UP_S8K2_m5,26,6,6,2,7,3,4
UP_S8K2_m5,27,6,6,2,4,3,5
UP_S8K2_m5,28,6,6,5,3,2,1
UP_S8K2_m5,29,6,6,5,3,7,2
UP_S8K2_m5,30,6,6,3,5,2,4
UP_S8K2_m5,31,6,3,6,4,2,5
UP_S8K2_m5,32,6,6,3,5,2,4
UP_S8K2_m5,33,6,6,3,4,2,5
UP_S8K2_m5,34,6,3,6,4,5,2
UP_S8K2_m5,35,6,3,6,5,2,4
UP_S8K2_m5,36,6,6,2,4,3,5
UP_S8K2_m5,37,6,6,3,2,9,8
UP_S8K2_m5,38,6,3,6,2,5,9
UP_S8K2_m5,39,6,6,3,5,2,1
UP_S4D1_m5,0,6,6,5,7,4,1
UP_S4D1_m5,1,6,6,7,5,1,2
UP_S4D1_m5,2,6,6,5,2,1,4
UP_S4D1_m5,3,6,6,5,1,7,2
UP_S4D1_m5,4,6,6,5,1,4,2
UP_S4D1_m5,5,6,6,5,2,4,1
UP_S4D1_m5,6,6,5,6,1,4,2
UP_S4D1_m5,7,6,5,6,4,1,3
UP_S4D1_m5,8,6,6,5,4,7,3
UP_S4D1_m5,9,6,6,5,7,0,1
UP_S4D1_m5,10,6,6,5,2,3,1
UP_S4D1_m5,11,6,6,2,5,3,7
UP_S4D1_m5,12,6,6,5,2,4,1
UP_S4D1_m5,13,6,6,9,8,3,5
UP_S4D1_m5,14,6,6,4,1,9,8
UP_S4D1_m5,15,6,6,9,5,1,8
UP_S4D1_m5,16,6,6,9,4,5,3
UP_S4D1_m5,17,6,6,5,0,3,1
UP_S4D1_m5,18,6,6,5,2,3,1
UP_S4D1_m5,19,6,6,5,0,2,3
UP_S4D1_m5,20,6,6,5,1,2,4
UP_S4D1_m5,21,6,6,5,1,2,7
UP_S4D1_m5,22,6,5,6,4,2,7
UP_S4D1_m5,23,6,6,5,3,4,2
UP_S4D1_m5,24,6,6,5,1,0,2
UP_S4D1_m5,25,6,6,5,2,0,7
UP_S4D1_m5,26,6,6,5,4,2,1
UP_S4D1_m5,27,6,5,6,4,7,2
UP_S4D1_m5,28,6,6,5,4,2,1
UP_S4D1_m5,29,6,6,5,4,1,2
UP_S4D1_m5,30,6,6,7,2,1,5
UP_S4D1_m5,31,6,6,5,4,2,1
UP_S4D1_m5,32,6,6,5,4,1,2
UP_S4D1_m5,33,6,6,7,4,5,1
UP_S4D1_m5,34,6,6,5,1,4,7
UP_S4D1_m5,35,6,6,5,1,4,2
UP_S4D1_m5,36,6,5,6,1,2,4
UP_S4D1_m5,37,6,6,5,2,3,1
UP_S4D1_m5,38,6,6,5,2,0,3
UP_S4K2_m5,0,6,6,2,7,1,3
UP_S4K2_m5,1,6,6,2,1,7,3
UP_S4K2_m5,2,6,6,1,2,5,7
UP_S4K2_m5,3,6,6,2,1,5,7
UP_S4K2_m5,4,6,6,1,2,7,5
UP_S4K2_m5,5,6,6,2,7,1,4
UP_S4K2_m5,6,6,6,2,7,5,1
UP_S4K2_m5,7,6,6,2,4,1,7
UP_S4K2_m5,8,6,6,7,2,1,4
UP_S4K2_m5,9,6,6,2,4,5,1
UP_S4K2_m5,10,6,6,2,4,5,1
UP_S4K2_m5,11,6,6,2,1,5,7
UP_S4K2_m5,12,6,6,2,7,1,4
UP_S4K2_m5,13,6,2,6,7,3,4
UP_S4K2_m5,14,6,6,2,3,7,1
UP_S4K2_m5,15,6,2,4,6,1,7
UP_S4K2_m5,16,6,6,1,2,7,4
UP_S4K2_m5,17,6,6,7,1,4,2
UP_S4K2_m5,18,6,6,2,1,7,4
UP_S4K2_m5,19,6,6,2,1,7,5
UP_S4K2_m5,20,6,6,2,1,5,7
UP_S4K2_m5,21,6,6,7,2,1,3
UP_S4K2_m5,22,6,6,2,4,1,7
UP_S4K2_m5,23,6,6,2,7,1,4
UP_S4K2_m5,24,6,6,2,4,1,7
UP_S4K2_m5,25,6,6,2,1,7,5
UP_S4K2_m5,26,6,6,2,5,1,7
UP_S4K2_m5,27,6,2,6,7,4,5
UP_S4K2_m5,28,6,2,6,7,3,4
UP_S4K2_m5,29,6,6,2,4,7,1
UP_S4K2_m5,30,6,6,2,7,5,1
UP_S4K2_m5,31,6,6,5,7,2,1
UP_S4K2_m5,32,6,6,7,2,5,1
UP_S4K2_m5,33,6,6,2,1,7,5
UP_S4K2_m5,34,6,6,2,7,4,1
UP_S4K2_m5,35,6,6,1,7,2,4
UP_S4K2_m5,36,6,6,2,1,7,5
UP_S4K2_m5,37,6,6,2,7,1,3
UP_S8L1_m5,0,6,6,2,1,4,7
UP_S8L1_m5,1,6,6,1,2,4,7
UP_S8L1_m5,2,6,6,1,2,4,5
UP_S8L1_m5,3,6,6,2,1,4,7
UP_S8L1_m5,4,6,6,1,2,5,7
UP_S8L1_m5,5,6,6,1,2,7,4
UP_S8L1_m5,6,6,6,1,2,7,4
UP_S8L1_m5,7,6,6,1,4,2,3
UP_S8L1_m5,8,6,6,2,7,1,4
UP_S8L1_m5,9,6,6,1,3,2,4
UP_S8L1_m5,10,6,6,1,4,7,3
UP_S8L1_m5,11,6,6,1,4,3,7
UP_S8L1_m5,12,6,6,1,4,7,3
UP_S8L1_m5,13,6,1,6,4,7,3
UP_S8L1_m5,14,6,1,4,6,7,3
UP_S8L1_m5,15,6,1,6,4,7,3
UP_S8L1_m5,16,6,1,4,7,6,3
UP_S8L1_m5,17,6,6,1,4,5,7
UP_S8L1_m5,18,6,6,1,7,4,5
UP_S8L1_m5,19,6,6,1,7,4,5
UP_S8L1_m5,20,6,6,1,7,2,4
UP_S8L1_m5,21,6,6,1,2,7,5
UP_S8L1_m5,22,6,6,1,2,7,4
UP_S8L1_m5,23,6,6,1,2,4,7
UP_S8L1_m5,24,6,6,1,2,4,5
UP_S8L1_m5,25,6,6,1,2,7,4
UP_S8L1_m5,26,6,6,1,2,3,8
UP_S8L1_m5,27,6,6,1,2,7,4
UP_S8L1_m5,28,6,6,1,4,2,7
UP_S8L1_m5,29,6,6,1,4,7,3
UP_S8L1_m5,30,6,1,3,7,4,6
UP_S8L1_m5,31,6,6,1,7,4,3
UP_S8L1_m5,32,6,1,6,4,7,3
UP_S8L1_m5,33,6,1,6,4,7,3
UP_S8L1_m5,34,6,1,4,6,3,7
UP_S8L1_m5,35,6,1,6,4,7,3
UP_S8L1_m5,36,6,1,4,6,7,5
UP_S8L1_m5,37,6,6,1,7,4,2
UP_S8L1_m5,38,6,6,1,7,4,5
